atc_code,atc_display,dwh_wirkstoff,found_ask,cas_display,cas_name_source,action_import,comment
C01CA03,Norepinephrin,(R)-Norepinephrin,441,Norepinephrin,BEZVO CSV,add_cas_name,
V03AB27,4-Dimethylaminophenol,4-Dimethylaminophenol hydrochlorid,12512,4-(Dimethylamino)phenol-hydrochlorid,BEZVO CSV,add_cas_name,
S01EB09,Acetylcholin,Acetylcholin chlorid,4165,Acetylcholinchlorid,BEZVO CSV,add_cas_name,
R03AL05|R03BB05,Formoterol und Aclidiniumbromid|Aclidiniumbromid,Aclidinium-Kation,36290,Aclidinium,BEZVO CSV,add_cas_name,"DWH names the Aclidinium cation; map to ASK 36290 / CAS 727649-81-2, pending form confirmation."
G04CA01,Alfuzosin,Alfuzosin hydrochlorid,22549,Alfuzosinhydrochlorid,BEZVO CSV,add_cas_name,
B02AB02,Alfa1-Antitrypsin,Alpha-1-Antitrypsin human,24763,Alpha-1-Proteinase-Inhibitor (human),BEZVO CSV,add_cas_name,
N04BB01,Amantadin,Amantadin hemisulfat,3928,Amantadinhemisulfat,BEZVO CSV,add_cas_name,
R05CB06|R07AA03,Ambroxol|Ambroxol,Ambroxol hydrochlorid,13436,Ambroxolhydrochlorid,BEZVO CSV,add_cas_name,
C03EA33,Bendroflumethiazid und Amilorid,Amilorid hydrochlorid-2-Wasser,22436,Amiloridhydrochlorid-Dihydrat,BEZVO CSV,add_cas_name,
C01BD01,Amiodaron,Amiodaron hydrochlorid,21609,Amiodaronhydrochlorid,BEZVO CSV,add_cas_name,
J02AA01,Amphotericin B,AmphotericinB,456,Amphotericin B,BEZVO CSV,add_cas_name,
L04AA03,Antilymphozytaeres Immunglobulin (Pferd),Anti-Human-T-Lymphozyten-Immunglobuline vom Pferd,31183,Anti-Human-T-Lymphozyten-Immunglobulin vom Pferd,https://cdn.pfizer.com/pfizercom/products/material_safety_data/ATGAM.pdf,add_cas_name,Equine anti-T-lymphocyte immunoglobulin; Pfizer SDS states that no CAS is assigned.
B01AB02,"Antithrombin III, Antithrombin alfa",Antithrombin III,21692,Antithrombin Ⅲ,BEZVO CSV,add_cas_name,
N04BC07,Apomorphin,"Apomorphin hydrochlorid-0,5-Wasser",13012,Apomorphinhydrochlorid-Hemihydrat,BEZVO CSV,add_cas_name,
B01AE03,Argatroban,Argatroban-1-Wasser,41075,Argatroban-Monohydrat,BEZVO CSV,add_cas_name,
B05XB01,Argininhydrochlorid,Arginin hydrochlorid,831,Argininhydrochlorid,BEZVO CSV,add_cas_name,
N01BB58,"Articain, Kombinationen",Articain hydrochlorid,10986,Articainhydrochlorid,BEZVO CSV,add_cas_name,
A03BA01|S01FA01,Atropin|Atropin,Atropinsulfat-1-Wasser,41,Atropinsulfat (Ph.Eur.),BEZVO CSV,add_cas_name,
S01AA26,Azithromycin,Azithromycin-2-Wasser,26116,Azithromycin-Dihydrat,BEZVO CSV,add_cas_name,
R03AK08|R03AL09|R03BA01,"Formoterol und Beclometason|Formoterol, Glycopyrroniumbromid und Beclometason|Beclometason",Beclometason dipropionat,4359,Beclometasondipropionat (Ph.Eur.),BEZVO CSV,add_cas_name,
R02AA56|R02AX03,"Cetylpyridinium, Kombinationen|Benzydamin",Benzydamin hydrochlorid,6165,Benzydaminhydrochlorid,BEZVO CSV,add_cas_name,
N07CA01,Betahistin,Betahistin dimesilat,16356,Betahistindimesilat,BEZVO CSV,add_cas_name,
D01AC20,Imidazole/Triazole in Kombination mit Corticosteroiden,Betamethason dipropionat,10779,Betamethasondipropionat (Ph.Eur.),BEZVO CSV,add_cas_name,
N04AA02,Biperiden,Biperiden lactat,7081,Biperidenlactat,BEZVO CSV,add_cas_name,
C07AB07,Bisoprolol,Bisoprolol fumarat,23549,Bisoprololfumarat (Ph.Eur.),BEZVO CSV,add_cas_name,
B02BD04,Blutgerinnungsfaktor IX,Blutgerinnungsfaktor IX (human),6224,Blutgerinnungsfaktor Ⅸ,BEZVO CSV,add_cas_name,
B02BD05,Blutgerinnungsfaktor VII,Blutgerinnungsfaktor VII (human),6225,Blutgerinnungsfaktor Ⅶ,BEZVO CSV,add_cas_name,
B02BD07,Blutgerinnungsfaktor XIII,Blutgerinnungsfaktor XIII (human),18296,Blutgerinnungsfaktor ⅩⅢ,BEZVO CSV,add_cas_name,
S01EA05,Brimonidin,"Brimonidin(R,R)-tartrat",26936,Brimonidintartrat,BEZVO CSV,add_cas_name,
R05CB02,Bromhexin,Bromhexin hydrochlorid,2267,Bromhexinhydrochlorid,BEZVO CSV,add_cas_name,
N01BB01,Bupivacain,Bupivacain hydrochlorid,7105,Bupivacainhydrochlorid,BEZVO CSV,add_cas_name,
N01BB01|N01BB51,"Bupivacain|Bupivacain, Kombinationen",Bupivacain hydrochlorid-1-Wasser,22131,Bupivacainhydrochlorid (Ph.Eur.),BEZVO CSV,add_cas_name,
N06AX12,Bupropion,Bupropion hydrochlorid,22345,Bupropionhydrochlorid,BEZVO CSV,add_cas_name,
C01CA30,Kombinationen,Cafedrin hydrochlorid,5829,Cafedrinhydrochlorid,BEZVO CSV,add_cas_name,
B05BB12|B05XA07,Ringerloesung|Calciumchlorid,Calciumchlorid-2-Wasser,59,Calciumchlorid-Dihydrat,BEZVO CSV,add_cas_name,
C09CA06,Candesartan,Candesartan cilexetil,27048,Candesartancilexetil,BEZVO CSV,add_cas_name,
S01XC07,Carbomer,Carbomer 980,13346,Carbomer ((ohne Angaben zum Typ)),BEZVO CSV,add_cas_name,
R01BA60|R06AE07,Pseudoephedrin und Cetirizin|Cetirizin,Cetirizin dihydrochlorid,22788,Cetirizindihydrochlorid,BEZVO CSV,add_cas_name,
R02AA56|R02AX03,"Cetylpyridinium, Kombinationen|Benzydamin",Cetylpyridinium chlorid,733,Cetylpyridiniumchlorid,BEZVO CSV,add_cas_name,
R02AA56,"Cetylpyridinium, Kombinationen",Cetylpyridinium chlorid-1-Wasser,15304,Cetylpyridiniumchlorid (Ph.Eur.),BEZVO CSV,add_cas_name,
R02AA20,Verschiedene,Cetylpyridinium-Kation,36215,Cetylpyridinium,BEZVO CSV,add_cas_name,
M09AA02,Chinin,Chinin hemisulfat-2-Wasser,75,Chininsulfat (Ph.Eur.),BEZVO CSV,add_cas_name,
A01AB03,Chlorhexidin,Chlorhexidin digluconat,4898,Chlorhexidinbis(ᴅ-gluconat),BEZVO CSV,add_cas_name,
P01BA01,Chloroquin,Chloroquin phosphat,6547,Chloroquinphosphat (Ph.Eur.),BEZVO CSV,add_cas_name,
N05AF03,Chlorprothixen,Chlorprothixen hydrochlorid,6910,Chlorprothixenhydrochlorid,BEZVO CSV,add_cas_name,
L04AD01,Ciclosporin,"Ciclosporin, mikroemulgiert",22510,Ciclosporin,BEZVO CSV,add_cas_name,
C05AD04,Cinchocain,Cinchocain hydrochlorid,2813,Cinchocainhydrochlorid,BEZVO CSV,add_cas_name,
M03AC11,Cisatracurium,Cisatracurium-Kation,37589,Cisatracurium,BEZVO CSV,add_cas_name,
N05CM02,Clomethiazol,Clomethiazol edisilat,6968,Clomethiazolhemiedisilat,BEZVO CSV,add_cas_name,
C02AC01|N07BB11|S01EA04,Clonidin|Clonidin|Clonidin,Clonidin hydrochlorid,4866,Clonidinhydrochlorid,BEZVO CSV,add_cas_name,
M03AX21,Botulinumtoxin Typ A,Clostridium botulinum (Onabotulinum) Toxin Typ A,26170,Botulinum-Toxin Typ A zur Injektion (Ph.Eur.),BEZVO CSV,add_cas_name,
R05DA04,Codein,"Codein phosphat-0,5-Wasser",87,Codeinphosphat-Hemihydrat,BEZVO CSV,add_cas_name,
N06BC01,Coffein,Coffein citrat,879,Coffein-Citronensäure-Gemisch (1:1),BEZVO CSV,add_cas_name,
C10AC01,Colestyramin,Colestyramin,4629,"Colestyramin ((mit Zusatz einer Zahl, die durch 10 geteilt, den ungefähren Prozent-Gehalt an Diethenylbenzol angibt))",BEZVO CSV,add_cas_name,
S01GX01,Cromoglicinsaeure,"Cromoglicinsäure, Dinatriumsalz",21625,Natriumcromoglicat (Ph.Eur.),BEZVO CSV,add_cas_name,
S01FA04,Cyclopentolat,Cyclopentolat hydrochlorid,6937,Cyclopentolathydrochlorid,BEZVO CSV,add_cas_name,
R06AX02,Cyproheptadin,Cyproheptadin hydrochlorid,7244,Cyproheptadinhydrochlorid,BEZVO CSV,add_cas_name,
B05XA19,Calciumgluconat,"D-Gluconsäure, Calciumsalz-1-Wasser",60,Calciumgluconat-Monohydrat,BEZVO CSV,add_cas_name,
R01AX30,Kombinationen,DL-a-Tocopherol acetat,328,all-rac-α-Tocopherolacetat (Ph.Eur.),BEZVO CSV,add_cas_name,
B01AE07,Dabigatranetexilat,Dabigatran etexilat,30260,Dabigatranetexilat,BEZVO CSV,add_cas_name,
M03CA01,Dantrolen,"Dantrolen natrium-3,5-Wasser",12534,"Dantrolen-Natrium-3,5-Hydrat",BEZVO CSV,add_cas_name,
V03AC01,Deferoxamin,Deferoxamin mesilat,7166,Deferoxaminmesilat,BEZVO CSV,add_cas_name,
G01AC05|R02AA20,Dequalinium|Verschiedene,Dequalinium chlorid,975,Dequaliniumchlorid,BEZVO CSV,add_cas_name,
H01BA02,Desmopressin,Desmopressin acetat-3-Wasser,23270,Desmopressinacetat-Trihydrat,BEZVO CSV,add_cas_name,
H01BA02,Desmopressin,Desmopressin-x-acetat-y-Wasser,11869,Desmopressin (Ph.Eur.),BEZVO CSV,add_cas_name,No single CAS is assigned because the acetate and water stoichiometry is variable.
S01BA01,Dexamethason,"Dexamethason 21-(3-sulfobenzoat), Natriumsalz",1196,Dexamethason-21-(3-sulfobenzoat)-Natrium,BEZVO CSV,add_cas_name,
S01BA01,Dexamethason,Dexamethason dihydrogenphosphat-Dinatrium,2114,Dexamethasondihydrogenphosphat-Dinatrium (Ph.Eur.),BEZVO CSV,add_cas_name,
C02DB01,Dihydralazin,Dihydralazin mesilat,11406,Dihydralazinmesilat,BEZVO CSV,add_cas_name,
C02DB01,Dihydralazin,Dihydralazin sulfat,6151,Dihydralazinsulfat,BEZVO CSV,add_cas_name,
D04AA13|R06AB03,Dimetinden|Dimetinden,Dimetinden maleat,3817,Dimetindenmaleat,BEZVO CSV,add_cas_name,
G04BC50,"Andere Harnkonkrement loesende Mittel, Kombinationen",Dinatriumhydrogenphosphat-2-Wasser,12711,Natriummonohydrogenphosphat-Dihydrat (Ph.Eur.),BEZVO CSV,add_cas_name,
V03AB06,Thiosulfat,Dinatriumthiosulfat-5-Wasser,224,Natriumthiosulfat (Ph.Eur.),BEZVO CSV,add_cas_name,
N07AA03,Distigmin,Distigmin bromid,4776,Distigminbromid,BEZVO CSV,add_cas_name,
N06DA02,Donepezil,Donepezil hydrochlorid,27637,Donepezilhydrochlorid,BEZVO CSV,add_cas_name,
C01CA04,Dopamin,Dopamin hydrochlorid,10620,Dopaminhydrochlorid,BEZVO CSV,add_cas_name,
R07AB01,Doxapram,Doxapram hydrochlorid,8602,Doxapramhydrochlorid (Ph.Eur.),BEZVO CSV,add_cas_name,
C09AA02,Enalapril,Enalapril maleat,23100,Enalaprilmaleat,BEZVO CSV,add_cas_name,
C01CA26,Ephedrin,Ephedrin hydrochlorid,120,Ephedrinhydrochlorid,BEZVO CSV,add_cas_name,
C07AB09,Esmolol,Esmolol hydrochlorid,22892,Esmololhydrochlorid,BEZVO CSV,add_cas_name,
J04AK02,Ethambutol,Ethambutol dihydrochlorid,1594,Ethambutoldihydrochlorid,BEZVO CSV,add_cas_name,
G02CA03|R03AC04|R03AL01,Fenoterol|Fenoterol|Fenoterol und Ipratropiumbromid,Fenoterol hydrobromid,6253,Fenoterolhydrobromid,BEZVO CSV,add_cas_name,
D02AX00,,"Fettsäuren (C18:2), ungesättigt",15405,Ungesättigte Fettsäuren,BEZVO CSV,add_cas_name,C18:2 fatty acid mixture; not a single chemically defined substance.
C01BC04,Flecainid,Flecainid acetat,21899,Flecainidacetat,BEZVO CSV,add_cas_name,
N05AF01,Flupentixol,Flupentixol decanoat,3371,Flupentixoldecanoat,BEZVO CSV,add_cas_name,
S01BC04,Flurbiprofen,Flurbiprofen natrium-2-Wasser,16603,Flurbiprofen-Natrium-Dihydrat,BEZVO CSV,add_cas_name,
R03AC13|R03AK07|R03AK08|R03AL05|R03AL09|R03AL11,"Formoterol|Formoterol und Budesonid|Formoterol und Beclometason|Formoterol und Aclidiniumbromid|Formoterol, Glycopyrroniumbromid und Beclometason|Formoterol, Glycopyrroniumbromid und Budesonid",Formoterol hemifumarat-1-Wasser,23761,Formoterolfumarat-Dihydrat (Ph.Eur.),BEZVO CSV,add_cas_name,DWH name is a naming variant of formoterol fumarate dihydrate.
J05AD01,Foscarnet,Foscarnet natrium-6-Wasser,27424,Foscarnet-Natrium-Hexahydrat,BEZVO CSV,add_cas_name,
J01GB03|S01AA11,Gentamicin|Gentamicin,Gentamicin sulfat,3989,Gentamicinsulfat,BEZVO CSV,add_cas_name,
J06BA02,"Immunglobuline, normal human, zur intravasalen Anwendung",Gesamt-Plasmaprotein (human),10679,Plasmaproteine vom Menschen,BEZVO CSV,add_cas_name,
H04AA01,Glucagon,"Glucagon, rekombiniert",6851,Glucagon,BEZVO CSV,add_cas_name,
B05BA11|V07AB10,Glucose|Verschiedene Verduennungsloesungen,"Glucose, wasserfrei zur parenteralen Anwendung",12829,Glucose,BEZVO CSV,add_cas_name,DWH name denotes anhydrous glucose; the parenteral-use qualifier does not change the substance.
V04CA02,Glucose,Glucose-1-Wasser,133,Glucose-Monohydrat (Ph.Eur.),BEZVO CSV,add_cas_name,
R03AL04|R03AL09|R03AL12|R03BB06|R03AL11,"Indacaterol und Glycopyrroniumbromid|Formoterol, Glycopyrroniumbromid und Beclometason|Indacaterol, Glycopyrroniumbromid und Mometason|Glycopyrroniumbromid|Formoterol, Glycopyrroniumbromid und Budesonid",Glycopyrronium-Kation,36604,Glycopyrronium,BEZVO CSV,add_cas_name,DWH name denotes glycopyrronium cation without specified stereochemistry.
V04CM01,Gonadorelin,Gonadorelin acetat,14444,Gonadorelinacetat (Ph.Eur.),BEZVO CSV,add_cas_name,
B01AB01|C05BA03,Heparin|Heparin,Heparin natrium vom Schwein,1165,Heparin-Natrium,BEZVO CSV,add_cas_name,
B06AA03,Hyaluronidase,Hyaluronidase vom Rind,2094,Hyaluronidase,BEZVO CSV,add_cas_name,
S01KA01|S01XA45,Hyaluronsaeure|Hyaluronsaeure,Hyaluronsäure,12770,Hyaluronsäure ((mit Angaben zur Herkunft)),BEZVO CSV,add_cas_name,DWH name is a shortened form of the BEZVO hyaluronic acid record.
N02AA03,Hydromorphon,Hydromorphon hydrochlorid,108,Hydromorphonhydrochlorid,BEZVO CSV,add_cas_name,
P01BA02,Hydroxychloroquin,Hydroxychloroquin sulfat,7415,Hydroxychloroquinsulfat,BEZVO CSV,add_cas_name,
M01AE01,Ibuprofen,Ibuprofen DL-lysin,23391,Ibuprofen-ᴅʟ-Lysin (1:1),BEZVO CSV,add_cas_name,
V04CX01,Indocyaningruen,"Indocyaningrün, Mononatriumsalz",10754,Indocyaningrün-Mononatriumsalz,BEZVO CSV,add_cas_name,
A10AD05,Insulin aspart,Insulin aspart-Isophan,24022,Insulin aspart,BEZVO CSV,add_cas_name,
A10AD04,Insulin lispro,Insulin lispro-Isophan,26888,Insulin lispro,BEZVO CSV,add_cas_name,
A10AB01,Insulin (human),"Insulin, normal (human)",22265,Insulin human ((mit Angaben zur Herstellung)),BEZVO CSV,add_cas_name,
A10AC01,Insulin (human),Insulin-Isophan (human),11940,Isophan-Insulin-Suspension zur Injektion (Ph.Eur.),BEZVO CSV,add_cas_name,
H03AA51|H03CA01,Levothyroxin-Natrium und Iod-Verbindungen|Iodide,Iodid-Ion,1329,Iodid,BEZVO CSV,add_cas_name,
R03AL01,Fenoterol und Ipratropiumbromid,Ipratropium bromid-1-Wasser,19720,Ipratropiumbromid (Ph.Eur.),BEZVO CSV,add_cas_name,
C01CA02,Isoprenalin,Isoprenalin hydrochlorid,7442,Isoprenalinhydrochlorid,BEZVO CSV,add_cas_name,
C01DA08,Isosorbiddinitrat,Isosorbid dinitrat,5595,Isosorbiddinitrat,BEZVO CSV,add_cas_name,
C01DA14,Isosorbidmononitrat,Isosorbid mononitrat,21993,Isosorbidmononitrat,BEZVO CSV,add_cas_name,
C03DA02,Kaliumcanrenoat,Kalium canrenoat,7205,Kaliumcanrenoat,BEZVO CSV,add_cas_name,
S01AA24,Kanamycin,Kanamycin sulfat-1-Wasser,2231,Kanamycinmonosulfat (Ph.Eur.),BEZVO CSV,add_cas_name,
J01GB03,Gentamicin,Kollagen vom Pferd,18245,Kollagen ((mit Angaben zur Herkunft)),BEZVO CSV,add_cas_name,
V03AE03,Lanthan(III)-carbonat,Lanthan(III)-Ion,34213,Lanthan(Ⅲ)-carbonat-Hydrat ((mit Angaben zum Wasser-Gehalt (1:x))),BEZVO CSV,add_cas_name,
C08CA13,Lercanidipin,Lercanidipin hydrochlorid,24911,Lercanidipinhydrochlorid,BEZVO CSV,add_cas_name,
R06AE09,Levocetirizin,Levocetirizin dihydrochlorid,31082,Levocetirizindihydrochlorid,BEZVO CSV,add_cas_name,
N02AC06|N07BC05,Levomethadon|Levomethadon,Levomethadon hydrochlorid,7540,Levomethadonhydrochlorid,BEZVO CSV,add_cas_name,
A01AE51|C01BB01|N01BB02|N01BB52|R02AA20,"Lidocain, Kombinationen|Lidocain|Lidocain|Lidocain, Kombinationen|Verschiedene",Lidocain hydrochlorid-1-Wasser,1693,Lidocainhydrochlorid-Monohydrat,BEZVO CSV,add_cas_name,
N06BA12,Lisdexamfetamin,Lisdexamfetamin dimesilat,37246,Lisdexamfetamindimesilat,BEZVO CSV,add_cas_name,
A07DA03,Loperamid,Loperamid hydrochlorid,11844,Loperamidhydrochlorid,BEZVO CSV,add_cas_name,
C05BB02|D04AB11,Polidocanol (Lauromacrogol 400)|Polidocanol (Lauromacrogol 400),Macrogol-9-laurylether,39034,"Lauromacrogol 400 (Ph.Eur.) ((Bezeichnung nur zulässig, wenn der Stoff arzneilich wirksamer Bestandteil ist))",BEZVO CSV,add_cas_name,
N05AD03,Melperon,Melperon hydrochlorid,11063,Melperonhydrochlorid,BEZVO CSV,add_cas_name,
N06DX01,Memantin,Memantin hydrochlorid,16705,Memantinhydrochlorid,BEZVO CSV,add_cas_name,
N01BB03,Mepivacain,Mepivacain hydrochlorid,5638,Mepivacainhydrochlorid,BEZVO CSV,add_cas_name,
L01BB02,Mercaptopurin,Mercaptopurin-1-Wasser,21855,Mercaptopurin-Monohydrat,BEZVO CSV,add_cas_name,
N02BB02,Metamizol-Natrium,Metamizol natrium-1-Wasser,258,Metamizol-Natrium-Monohydrat,BEZVO CSV,add_cas_name,
A10BA02|A10BD07,Metformin|Metformin und Sitagliptin,Metformin hydrochlorid,6150,Metforminhydrochlorid,BEZVO CSV,add_cas_name,
N07BC02,Methadon,Methadon hydrochlorid,6581,Methadonhydrochlorid,BEZVO CSV,add_cas_name,
G02AB01,Methylergometrin,Methylergometrin maleat,13057,Methylergometrinmaleat,BEZVO CSV,add_cas_name,
A06AH01,Methylnaltrexonbromid,Methylnaltrexonium bromid,35885,Methylnaltrexonbromid,BEZVO CSV,add_cas_name,
N06BA04,Methylphenidat,Methylphenidat hydrochlorid,6085,Methylphenidathydrochlorid,BEZVO CSV,add_cas_name,
D07AC14,Methylprednisolonaceponat,Methylprednisolon aceponat,23093,Methylprednisolonaceponat,BEZVO CSV,add_cas_name,
V03AB17|V04CX00,Methylthioniniumchlorid|,Methylthioninium chlorid,197,Methylthioniniumchlorid,BEZVO CSV,add_cas_name,
A03FA01,Metoclopramid,Metoclopramid hydrochlorid-1-Wasser,10700,Metoclopramidhydrochlorid-Monohydrat,BEZVO CSV,add_cas_name,
C07AB02,Metoprolol,Metoprolol succinat,11953,Metoprololsuccinat (Ph.Eur.),BEZVO CSV,add_cas_name,
C07AB02,Metoprolol,Metoprolol tartrat,11849,Metoprololtartrat (Ph.Eur.),BEZVO CSV,add_cas_name,
D01AC20|D01AC52,"Imidazole/Triazole in Kombination mit Corticosteroiden|Miconazol, Kombinationen",Miconazol nitrat,9653,Miconazolnitrat,BEZVO CSV,add_cas_name,
N06AX17,Milnacipran,Milnacipran hydrochlorid,26504,Milnacipranhydrochlorid,BEZVO CSV,add_cas_name,
M03AC10,Mivacuriumchlorid,Mivacurium-Kation,36141,Mivacurium,BEZVO CSV,add_cas_name,
D07AC13|R01AD09|R03AL12,"Mometason|Mometason|Indacaterol, Glycopyrroniumbromid und Mometason",Mometason furoat,24367,Mometasonfuroat (Ph.Eur.),BEZVO CSV,add_cas_name,
N02AA01,Morphin,Morphin hydrochlorid-3-Wasser,204,Morphinhydrochlorid (Ph.Eur.),BEZVO CSV,add_cas_name,
N02AA01,Morphin,Morphin sulfat,7651,"Morphinhemisulfat-2,5-Hydrat",BEZVO CSV,add_cas_name,
L04AA06,Mycophenolsaeure,Mycophenolat mofetil,26196,Mycophenolatmofetil (Ph.Eur.),BEZVO CSV,add_cas_name,
N02AF02,Nalbufin,Nalbuphin hydrochlorid,18999,Nalbuphinhydrochlorid,BEZVO CSV,add_cas_name,
N02AA55|N02AX51|V03AB15,Oxycodon und Naloxon|Tilidin und Naloxon|Naloxon,Naloxon hydrochlorid,12393,Naloxonhydrochlorid,BEZVO CSV,add_cas_name,
A06AB08,Natriumpicosulfat,Natrium picosulfat,5974,Natriumpicosulfat,BEZVO CSV,add_cas_name,
A06AB08,Natriumpicosulfat,Natrium picosulfat-1-Wasser,6240,Natriumpicosulfat (Ph.Eur.),BEZVO CSV,add_cas_name,
V03AE10,Natrium-Zirconiumcyclosilicat,Natrium-Zirconium(IV)-cyclosilicat,43087,Natriumzirconiumhydrogencyclohexasilicat-Hydrat (3:2:1:1:x),BEZVO CSV,add_cas_name,
V07AC,,Natriumcitrat-2-Wasser,212,Natriumcitrat (Ph.Eur.),BEZVO CSV,add_cas_name,
A06AD13,Natriumsulfat,Natriumsulfat-10-Wasser,12721,Natriumsulfat-Decahydrat,BEZVO CSV,add_cas_name,
S01CA55|S03AA23,"Dexamethason, Neomycin und Polymyxin B|Polymyxin B, Neomycin und Gramicidin",Neomycin sulfat,1097,Neomycinsulfat,BEZVO CSV,add_cas_name,
N07AA01,Neostigmin,Neostigmin metilsulfat,113,Neostigminmetilsulfat,BEZVO CSV,add_cas_name,
C02DD01,Nitroprussid,Nitroprussidnatrium-2-Wasser,11544,Nitroprussidnatrium (Ph.Eur.),BEZVO CSV,add_cas_name,
V03AB13,Obidoxim,Obidoxim chlorid,7083,Obidoximchlorid,BEZVO CSV,add_cas_name,
D08AJ57|A01AB24,"Octenidin, Kombinationen|Octenidin",Octenidin dihydrochlorid,23152,Octenidindihydrochlorid,BEZVO CSV,add_cas_name,
C09CA08|C09DB02,Olmesartanmedoxomil|Olmesartanmedoxomil und Amlodipin,Olmesartan medoxomil,27955,Olmesartanmedoxomil,BEZVO CSV,add_cas_name,
N06AA05,Opipramol,Opipramol dihydrochlorid,7764,Opipramoldihydrochlorid,BEZVO CSV,add_cas_name,
A05BA17,Ornithinaspartat,Ornithin aspartat,1890,Ornithinaspartat,BEZVO CSV,add_cas_name,
S01HA02|S01JA51,"Oxybuprocain|Fluorescein, Kombinationen",Oxybuprocain hydrochlorid,5370,Oxybuprocainhydrochlorid,BEZVO CSV,add_cas_name,
G04BD04,Oxybutynin,Oxybutynin hydrochlorid,22831,Oxybutyninhydrochlorid,BEZVO CSV,add_cas_name,
N02AA05|N02AA55,Oxycodon|Oxycodon und Naloxon,Oxycodon hydrochlorid,41951,Oxycodonhydrochlorid,BEZVO CSV,add_cas_name,
R01AA05,Oxymetazolin,Oxymetazolin hydrochlorid,4875,Oxymetazolinhydrochlorid,BEZVO CSV,add_cas_name,
S01AA04|S01CA53,Oxytetracyclin|Prednisolon und Oxytetracyclin,Oxytetracyclin hydrochlorid,2917,Oxytetracyclinhydrochlorid,BEZVO CSV,add_cas_name,
M03AC01,Pancuronium,Pancuronium bromid,5222,Pancuroniumbromid,BEZVO CSV,add_cas_name,
N05CP30,Kombinationen,Passionsblumen-Trockenextrakt,1857,Passionsblumenkrauttrockenextrakt ' ((Ethanol/Ethanol-Wasser)),BEZVO CSV,add_cas_name,Product contains ethanol-extracted passionflower dry extract; no preparation-specific CAS confirmed.
V04CX09,Patentblau V,"Patentblau V, Natriumsalz",34186,Patentblau-Ⅴ-Natriumsalz,BEZVO CSV,add_cas_name,
C01DA05,Pentaerythrityltetranitrat,Pentaerythrityltetranitrat,1848,Pentaerithrityltetranitrat,BEZVO CSV,add_cas_name,
P01CX01,Pentamidindiisetionat,Pentamidin diisetionat,13721,Pentamidindiisetionat,BEZVO CSV,add_cas_name,
V03AB47,Pentetsaeure,"Pentetsäure, Calcium-Trinatriumsalz",3859,Calcium-trinatrium-pentetat ((gegebenenfalls mit Angaben zum Wassergehalt)),BEZVO CSV,add_cas_name,
P03AC04,Permethrin,Permethrin,20807,"Permethrin ((mit Angaben zum cis:trans-Verhältnis [rac-(1R,3R):rac-(1R,3S)-Verhältnis]))",BEZVO CSV,add_cas_name,
N02AB02,Pethidin,Pethidin hydrochlorid,200,Pethidinhydrochlorid,BEZVO CSV,add_cas_name,
D08AJ57,"Octenidin, Kombinationen",Phenoxyethanol,3239,Phenoxyethanol (Ph.Eur.),BEZVO CSV,add_cas_name,
S01FB01,Phenylephrin,Phenylephrin hydrochlorid,1685,Phenylephrinhydrochlorid,BEZVO CSV,add_cas_name,
B05XA14,Dinatrium-1-glycerophosphat,Phosphat-Ion,5011,Phosphat,BEZVO CSV,add_cas_name,
V03AB19,Physostigmin,Physostigmin salicylat,262,Physostigminsalicylat (Ph.Eur.),BEZVO CSV,add_cas_name,
S01EB01,Pilocarpin,Pilocarpin hydrochlorid,263,Pilocarpinhydrochlorid,BEZVO CSV,add_cas_name,
J01CA08,Pivmecillinam,Pivmecillinam hydrochlorid,21902,Pivmecillinamhydrochlorid,BEZVO CSV,add_cas_name,
B05AA01,Albumin,Plasmaprotein (human),10679,Plasmaproteine vom Menschen,BEZVO CSV,add_cas_name,
V03AE01,Polystyrolsulfonat,"Poly(styrol-co-divinylbenzol)sulfonsäure (92:8), Calciumsalz",52176,Poly(styrol-co-divinylbenzol)sulfonsäure-(92:8)-Calciumsalz,BEZVO CSV,add_cas_name,Specific 92:8 cross-linked calcium resin matched; no corresponding CAS confirmed.
V03AE01,Polystyrolsulfonat,"Poly(styrol-co-divinylbenzol)sulfonsäure (92:8), Natriumsalz",8540,Poly(styrol-co-divinylbenzol)sulfonsäure-(x:y)-Natriumsalz,BEZVO CSV,add_cas_name,
H02AB06,Prednisolon,"Prednisolon 21-hydrogensuccinat, Natriumsalz",2806,Natrium(prednisolon-21-succinat),BEZVO CSV,add_cas_name,
S01BA04,Prednisolon,Prednisolon acetat,1270,Prednisolonacetat,BEZVO CSV,add_cas_name,
N01BB04|N01BB54,"Prilocain|Prilocain, Kombinationen",Prilocain hydrochlorid,7720,Prilocainhydrochlorid,BEZVO CSV,add_cas_name,
S02DA55,"Procain, Kombinationen",Procain hydrochlorid,271,Procainhydrochlorid,BEZVO CSV,add_cas_name,
P01BB51,Proguanil und Atovaquon,Proguanil hydrochlorid,17129,Proguanilhydrochlorid,BEZVO CSV,add_cas_name,
N05CM22|R06AD02,Promethazin|Promethazin,Promethazin hydrochlorid,3720,Promethazinhydrochlorid,BEZVO CSV,add_cas_name,
G04BD06,Propiverin,Propiverin hydrochlorid,23144,Propiverinhydrochlorid,BEZVO CSV,add_cas_name,
C07AA05,Propranolol,Propranolol hydrochlorid,7597,Propranololhydrochlorid,BEZVO CSV,add_cas_name,
V03AB14,Protamin,Protamin sulfat,1151,Protaminsulfat ((mit Angaben zur Herstellung und zum Schwefelsäure-Gehalt)),BEZVO CSV,add_cas_name,
B01AD12,Protein C,Protein C (human),10669,Protein C,BEZVO CSV,add_cas_name,Human plasma-derived Protein C matched; no unambiguous CAS confirmed.
S01HA04,Proxymetacain,Proxymetacain hydrochlorid,5881,Proxymetacainhydrochlorid,BEZVO CSV,add_cas_name,
R01BA60,Pseudoephedrin und Cetirizin,Pseudoephedrin hydrochlorid,9585,Pseudoephedrinhydrochlorid,BEZVO CSV,add_cas_name,
N07AA02,Pyridostigmin,Pyridostigmin bromid,701,Pyridostigminbromid,BEZVO CSV,add_cas_name,
A11HA02|J04AC51|N07XB52,"Pyridoxin (Vitamin B6)|Isoniazid, Kombinationen|Thiamin, Kombinationen",Pyridoxin hydrochlorid,275,Pyridoxinhydrochlorid,BEZVO CSV,add_cas_name,
R03CC14,Reproterol,Reproterol hydrochlorid,12122,Reproterolhydrochlorid,BEZVO CSV,add_cas_name,
A11CA01|R01AX30|X99XK01,Retinol (Vitamin A)|Kombinationen|,Retinol palmitat,832,Retinolpalmitat,BEZVO CSV,add_cas_name,
M03AC09,Rocuroniumbromid,Rocuronium bromid,25794,Rocuroniumbromid,BEZVO CSV,add_cas_name,
N01BB09,Ropivacain,Ropivacain hydrochlorid,33612,Ropivacainhydrochlorid,BEZVO CSV,add_cas_name,
A12CE02,Natriumselenit,Selen(IV)-Ion,43772,Selen(Ⅳ)-Ion,BEZVO CSV,add_cas_name,
V03AE02,Sevelamer,Sevelamer carbonat,34815,Sevelamercarbonat,BEZVO CSV,add_cas_name,
G04BD08,Solifenacin,Solifenacin succinat,25892,Solifenacinsuccinat,BEZVO CSV,add_cas_name,
C07AA07,Sotalol,Sotalol hydrochlorid,11569,Sotalolhydrochlorid,BEZVO CSV,add_cas_name,
M03AB01,Suxamethonium,Suxamethonium chlorid,523,Suxamethoniumchlorid (Ph.Eur.),BEZVO CSV,add_cas_name,
G04CA02|G04CA52,Tamsulosin|Tamsulosin und Dutasterid,Tamsulosin hydrochlorid,23010,Tamsulosinhydrochlorid,BEZVO CSV,add_cas_name,
J05AF07|J05AR03,Tenofovirdisoproxil|Tenofovirdisoproxil und Emtricitabin,Tenofovir disoproxil,30971,Tenofovirdisoproxil,BEZVO CSV,add_cas_name,
R03CC03,Terbutalin,Terbutalin hemisulfat,5727,Terbutalinsulfat (Ph.Eur.),BEZVO CSV,add_cas_name,
H01BA04,Terlipressin,Terlipressin diacetat-5-Wasser,34476,Terlipressindiacetat-Pentahydrat,BEZVO CSV,add_cas_name,
G03BA03,Testosteron,Testosteron undecanoat,12858,Testosteronundecanoat,BEZVO CSV,add_cas_name,
J06BB02,Tetanus-Immunglobulin,Tetanus-Immunglobulin vom Menschen,35195,Immunglobuline gegen Tetanustoxin,BEZVO CSV,add_cas_name,Human tetanus immunoglobulin has no assigned CAS.
S01GA02,Tetryzolin,Tetryzolin hydrochlorid,5159,Tetryzolinhydrochlorid,BEZVO CSV,add_cas_name,
C01CA30,Kombinationen,Theodrenalin hydrochlorid,5831,Theodrenalinhydrochlorid,BEZVO CSV,add_cas_name,
A11DA01|N07XB52,"Thiamin (Vitamin B1)|Thiamin, Kombinationen",Thiamin hydrochlorid,30,Thiaminchloridhydrochlorid,BEZVO CSV,add_cas_name,
B02BC51,"Blutgerinnungsfaktoren, Kombinationen",Thrombin (human),27195,Thrombin,BEZVO CSV,add_cas_name,
N02AX51,Tilidin und Naloxon,Tilidin hydrochlorid,35727,Tilidinhydrochlorid,BEZVO CSV,add_cas_name,
M03BX04,Tolperison,Tolperison hydrochlorid,12375,Tolperisonhydrochlorid,BEZVO CSV,add_cas_name,
N02AX02,Tramadol,Tramadol hydrochlorid,8720,Tramadolhydrochlorid,BEZVO CSV,add_cas_name,
N06AX05,Trazodon,Trazodon hydrochlorid,18677,Trazodonhydrochlorid,BEZVO CSV,add_cas_name,
H02AB58,Triamcinolon-Depot,Triamcinolon acetonid,1036,Triamcinolonacetonid,BEZVO CSV,add_cas_name,
G04BD09,Trospium,Trospium chlorid,7051,Trospiumchlorid,BEZVO CSV,add_cas_name,
R03AL03|R03AL08,"Vilanterol und Umeclidiniumbromid|Vilanterol, Umeclidiniumbromid und Fluticasonfuroat",Umeclidinium-Kation,36621,Umeclidinium,BEZVO CSV,add_cas_name,
N03AG01,Valproinsaeure,Valproat natrium,8342,Natriumvalproat,BEZVO CSV,add_cas_name,
C08DA01,Verapamil,Verapamil hydrochlorid,5771,Verapamilhydrochlorid,BEZVO CSV,add_cas_name,
R01AA07,Xylometazolin,Xylometazolin hydrochlorid,6397,Xylometazolinhydrochlorid,BEZVO CSV,add_cas_name,
D06BB00,,Zinksulfat-7-Wasser,364,Zinksulfat-Heptahydrat,BEZVO CSV,add_cas_name,
N05CF02,Zolpidem,Zolpidem hemitartrat,22790,Zolpidemtartrat (Ph.Eur.),BEZVO CSV,add_cas_name,
V10XX05,(177Lu)Lutetiumvipivotidtetraxetan,[177Lu]Lutetium vipivotid tetraxetan,46023,(177Lu)Lutetiumvipivotidtetraxetan,BEZVO CSV,add_cas_name,
V03AB43,DMPS,"rac-(2R)-2,3-Bis(sulfanyl)propan-1-sulfonsäure, Natriumsalz",16542,"rac-(2R)-2,3-Bis(sulfanyl)propan-1-sulfonsäure-Natriumsalz",BEZVO CSV,add_cas_name,
C01AA02,Acetyldigoxin,ß-Acetyldigoxin,2074,β-Acetyldigoxin,BEZVO CSV,add_cas_name,
B05AX41,Erythrozyten ohne Pharmazentralnummer,"Erythrozyten, UNbestrahlt ITIB",21444,Human-Erythrozyten,BEZVO CSV,add_cas_name,DWH term refers to human erythrocytes; no specific CAS applies.
B03AA01|B03AA03,Eisen(II)glycinsulfat|Eisen(II)gluconat,Eisen(II)-Ion,1311,Eisen(Ⅱ)-Ion,BEZVO CSV,add_cas_name,
B03AB05|B03AC01|B03AC02|B03AC07,Eisen(III)hydroxid-Polymaltose-Komplex|Eisen(III)hydroxid-Polymaltose-Komplex|Eisen(III)oxid-Saccharose-Komplex|Eisen(III)natrium-Gluconat-Komplex,Eisen(III)-Ion,1402,Eisen(Ⅲ)-Ion,BEZVO CSV,add_cas_name,
A07DA02,Opium,"Opiumtinktur, eingestellt",239,Eingestellte Opiumtinktur,DWH,add_cas_name,
