"atc_code","atc_display","dwh_wirkstoff","found_ask","cas_display","cas_name_source","action_import","comment"
"C01CA03","Norepinephrin","(R)-Norepinephrin","441","Norepinephrin","BfArM BEZVO","add_cas_name",""
"V10XX05","(177Lu)Lutetiumvipivotidtetraxetan","[177Lu]Lutetium vipivotid tetraxetan","46023","(177Lu)Lutetiumvipivotidtetraxetan","BfArM BEZVO","add_cas_name",""
"V03AB27","4-Dimethylaminophenol","4-Dimethylaminophenol hydrochlorid","12512","4-(Dimethylamino)phenol-hydrochlorid","BfArM BEZVO","add_cas_name",""
"S01EB09","Acetylcholin","Acetylcholin chlorid","4165","Acetylcholinchlorid","BfArM BEZVO","add_cas_name",""
"R03AL05|R03BB05","Formoterol und Aclidiniumbromid|Aclidiniumbromid","Aclidinium-Kation","36290","Aclidinium","BfArM BEZVO","add_cas_name",""
"G04CA01","Alfuzosin","Alfuzosin hydrochlorid","22549","Alfuzosinhydrochlorid","BfArM BEZVO","add_cas_name",""
"B02AB02","Alfa1-Antitrypsin","Alpha-1-Antitrypsin human","24763","Alpha-1-Proteinase-Inhibitor (human)","BfArM BEZVO","add_cas_name",""
"N04BB01","Amantadin","Amantadin hemisulfat","3928","Amantadinhemisulfat","BfArM BEZVO","add_cas_name",""
"R05CB06|R07AA03","Ambroxol|Ambroxol","Ambroxol hydrochlorid","13436","Ambroxolhydrochlorid","BfArM BEZVO","add_cas_name",""
"C03EA33","Bendroflumethiazid und Amilorid","Amilorid hydrochlorid-2-Wasser","22436","Amiloridhydrochlorid-Dihydrat","BfArM BEZVO","add_cas_name",""
"C01BD01","Amiodaron","Amiodaron hydrochlorid","21609","Amiodaronhydrochlorid","BfArM BEZVO","add_cas_name",""
"J02AA01","Amphotericin B","AmphotericinB","456","Amphotericin B","BfArM BEZVO","add_cas_name",""
"L04AA03","Antilymphozytaeres Immunglobulin (Pferd)","Anti-Human-T-Lymphozyten-Immunglobuline vom Pferd","31183","Anti-Human-T-Lymphozyten-Immunglobulin vom Pferd","Pfizer SDS","add_cas_name","Equine anti-T-lymphocyte immunoglobulin; Pfizer SDS states that no CAS is assigned."
"L04AA04","Antithymozytaeres Immunglobulin (Kaninchen)","Anti-Human-T-Lymphozyten-Immunglobuline von Kaninchen","31182","Anti-Human-T-Lymphozyten-Immunglobulin vom Kaninchen","BfArM BEZVO","add_cas_name",""
"B01AB02","Antithrombin III, Antithrombin alfa","Antithrombin III","21692","Antithrombin Ⅲ","BfArM BEZVO","add_cas_name",""
"N04BC07","Apomorphin","Apomorphin hydrochlorid-0,5-Wasser","13012","Apomorphinhydrochlorid-Hemihydrat","BfArM BEZVO","add_cas_name",""
"B01AE03","Argatroban","Argatroban-1-Wasser","41075","Argatroban-Monohydrat","BfArM BEZVO","add_cas_name",""
"B05XB01","Argininhydrochlorid","Arginin hydrochlorid","831","Argininhydrochlorid","BfArM BEZVO","add_cas_name",""
"N01BB58","Articain, Kombinationen","Articain hydrochlorid","10986","Articainhydrochlorid","BfArM BEZVO","add_cas_name",""
"A03BA01|S01FA01","Atropin|Atropin","Atropinsulfat-1-Wasser","41","Atropinsulfat (Ph.Eur.)","BfArM BEZVO","add_cas_name",""
"A03BA01|S01FA01","Atropin|Atropin","Atropinsulfat-1-Wasser","41","Atropinsulfat (Ph.Eur.)","BfArM BEZVO","add_cas_name",""
"S01AA26","Azithromycin","Azithromycin-2-Wasser","26116","Azithromycin-Dihydrat","BfArM BEZVO","add_cas_name",""
"R03AK08|R03AL09|R03BA01","Formoterol und Beclometason|Formoterol, Glycopyrroniumbromid und Beclometason|Beclometason","Beclometason dipropionat","4359","Beclometasondipropionat (Ph.Eur.)","BfArM BEZVO","add_cas_name",""
"R02AA56|R02AX03","Cetylpyridinium, Kombinationen|Benzydamin","Benzydamin hydrochlorid","6165","Benzydaminhydrochlorid","BfArM BEZVO","add_cas_name",""
"N07CA01","Betahistin","Betahistin dimesilat","16356","Betahistindimesilat","BfArM BEZVO","add_cas_name",""
"D01AC20","Imidazole/Triazole in Kombination mit Corticosteroiden","Betamethason dipropionat","10779","Betamethasondipropionat (Ph.Eur.)","BfArM BEZVO","add_cas_name",""
"N04AA02","Biperiden","Biperiden lactat","7081","Biperidenlactat","BfArM BEZVO","add_cas_name",""
"C07AB07","Bisoprolol","Bisoprolol fumarat","23549","Bisoprololfumarat (Ph.Eur.)","BfArM BEZVO","add_cas_name",""
"B02BD04","Blutgerinnungsfaktor IX","Blutgerinnungsfaktor IX (human)","6224","Blutgerinnungsfaktor Ⅸ","BfArM BEZVO","add_cas_name",""
"B02BD05","Blutgerinnungsfaktor VII","Blutgerinnungsfaktor VII (human)","6225","Blutgerinnungsfaktor Ⅶ","BfArM BEZVO","add_cas_name",""
"B02BD02|B02BD06","Blutgerinnungsfaktor VIII|Von Willebrand-Faktor und Blutgerinnungsfaktor VIII in Kombination","Blutgerinnungsfaktor VIII (human)","8625","Blutgerinnungsfaktor Ⅷ","NLM MeSH","add_cas_name",""
"B02BD07","Blutgerinnungsfaktor XIII","Blutgerinnungsfaktor XIII (human)","18296","Blutgerinnungsfaktor ⅩⅢ","BfArM BEZVO","add_cas_name",""
"S01EA05","Brimonidin","Brimonidin(R,R)-tartrat","26936","Brimonidintartrat","BfArM BEZVO","add_cas_name",""
"R05CB02","Bromhexin","Bromhexin hydrochlorid","2267","Bromhexinhydrochlorid","BfArM BEZVO","add_cas_name",""
"N01BB01","Bupivacain","Bupivacain hydrochlorid","7105","Bupivacainhydrochlorid","BfArM BEZVO","add_cas_name",""
"N01BB01|N01BB51","Bupivacain|Bupivacain, Kombinationen","Bupivacain hydrochlorid-1-Wasser","22131","Bupivacainhydrochlorid (Ph.Eur.)","BfArM BEZVO","add_cas_name",""
"N06AX12","Bupropion","Bupropion hydrochlorid","22345","Bupropionhydrochlorid","BfArM BEZVO","add_cas_name",""
"C01CA30","Kombinationen","Cafedrin hydrochlorid","5829","Cafedrinhydrochlorid","BfArM BEZVO","add_cas_name",""
"B05BB12|B05XA07","Ringerloesung|Calciumchlorid","Calciumchlorid-2-Wasser","59","Calciumchlorid-Dihydrat","BfArM BEZVO","add_cas_name",""
"C09CA06","Candesartan","Candesartan cilexetil","27048","Candesartancilexetil","BfArM BEZVO","add_cas_name",""
"S01XC07","Carbomer","Carbomer 980","13346","Carbomer ((ohne Angaben zum Typ))","BfArM BEZVO","add_cas_name",""
"R01BA60|R06AE07","Pseudoephedrin und Cetirizin|Cetirizin","Cetirizin dihydrochlorid","22788","Cetirizindihydrochlorid","BfArM BEZVO","add_cas_name",""
"R02AA56|R02AX03","Cetylpyridinium, Kombinationen|Benzydamin","Cetylpyridinium chlorid","733","Cetylpyridiniumchlorid","BfArM BEZVO","add_cas_name",""
"R02AA56","Cetylpyridinium, Kombinationen","Cetylpyridinium chlorid-1-Wasser","15304","Cetylpyridiniumchlorid (Ph.Eur.)","BfArM BEZVO","add_cas_name",""
"R02AA20","Verschiedene","Cetylpyridinium-Kation","36215","Cetylpyridinium","BfArM BEZVO","add_cas_name",""
"M09AA02","Chinin","Chinin hemisulfat-2-Wasser","75","Chininsulfat (Ph.Eur.)","BfArM BEZVO","add_cas_name",""
"A01AB03","Chlorhexidin","Chlorhexidin digluconat","4898","Chlorhexidinbis(ᴅ-gluconat)","BfArM BEZVO","add_cas_name",""
"P01BA01","Chloroquin","Chloroquin phosphat","6547","Chloroquinphosphat (Ph.Eur.)","BfArM BEZVO","add_cas_name",""
"N05AF03","Chlorprothixen","Chlorprothixen hydrochlorid","6910","Chlorprothixenhydrochlorid","BfArM BEZVO","add_cas_name",""
"L04AD01","Ciclosporin","Ciclosporin, mikroemulgiert","22510","Ciclosporin","BfArM BEZVO","add_cas_name",""
"C05AD04","Cinchocain","Cinchocain hydrochlorid","2813","Cinchocainhydrochlorid","BfArM BEZVO","add_cas_name",""
"M03AC11","Cisatracurium","Cisatracurium-Kation","37589","Cisatracurium","BfArM BEZVO","add_cas_name",""
"N05CM02","Clomethiazol","Clomethiazol edisilat","6968","Clomethiazolhemiedisilat","BfArM BEZVO","add_cas_name",""
"C02AC01|N07BB11|S01EA04","Clonidin|Clonidin|Clonidin","Clonidin hydrochlorid","4866","Clonidinhydrochlorid","BfArM BEZVO","add_cas_name",""
"M03AX21","Botulinumtoxin Typ A","Clostridium botulinum (Onabotulinum) Toxin Typ A","26170","Botulinum-Toxin Typ A zur Injektion (Ph.Eur.)","BfArM BEZVO","add_cas_name",""
"R05DA04","Codein","Codein phosphat-0,5-Wasser","87","Codeinphosphat-Hemihydrat","BfArM BEZVO","add_cas_name",""
"N06BC01","Coffein","Coffein citrat","879","Coffein-Citronensäure-Gemisch (1:1)","BfArM BEZVO","add_cas_name",""
"C10AC01","Colestyramin","Colestyramin","4629","Colestyramin ((mit Zusatz einer Zahl, die durch 10 geteilt, den ungefähren Prozent-Gehalt an Diethenylbenzol angibt))","BfArM BEZVO","add_cas_name",""
"S01GX01","Cromoglicinsaeure","Cromoglicinsäure, Dinatriumsalz","21625","Natriumcromoglicat (Ph.Eur.)","BfArM BEZVO","add_cas_name",""
"S01FA04","Cyclopentolat","Cyclopentolat hydrochlorid","6937","Cyclopentolathydrochlorid","BfArM BEZVO","add_cas_name",""
"R06AX02","Cyproheptadin","Cyproheptadin hydrochlorid","7244","Cyproheptadinhydrochlorid","BfArM BEZVO","add_cas_name",""
"B05XA19","Calciumgluconat","D-Gluconsäure, Calciumsalz-1-Wasser","60","Calciumgluconat-Monohydrat","BfArM BEZVO","add_cas_name",""
"B01AE07","Dabigatranetexilat","Dabigatran etexilat","30260","Dabigatranetexilat","BfArM BEZVO","add_cas_name",""
"B01AB09","Danaparoid","Danaparoid natrium","29861","Danaparoid-Natrium ((MW: ca. 5500 Da))","NCATS GSRS (UNII BI6GY4U9CW)","add_cas_name",""
"M03CA01","Dantrolen","Dantrolen natrium-3,5-Wasser","12534","Dantrolen-Natrium-3,5-Hydrat","BfArM BEZVO","add_cas_name",""
"V03AC01","Deferoxamin","Deferoxamin mesilat","7166","Deferoxaminmesilat","BfArM BEZVO","add_cas_name",""
"G01AC05|R02AA20","Dequalinium|Verschiedene","Dequalinium chlorid","975","Dequaliniumchlorid","BfArM BEZVO","add_cas_name",""
"H01BA02","Desmopressin","Desmopressin acetat-3-Wasser","23270","Desmopressinacetat-Trihydrat","BfArM BEZVO","add_cas_name",""
"H01BA02","Desmopressin","Desmopressin-x-acetat-y-Wasser","11869","Desmopressin (Ph.Eur.)","BfArM BEZVO","add_cas_name","No single CAS is assigned because the acetate and water stoichiometry is variable. "
"S01BA01","Dexamethason","Dexamethason 21-(3-sulfobenzoat), Natriumsalz","1196","Dexamethason-21-(3-sulfobenzoat)-Natrium","BfArM BEZVO","add_cas_name",""
"S01BA01","Dexamethason","Dexamethason dihydrogenphosphat-Dinatrium","2114","Dexamethasondihydrogenphosphat-Dinatrium (Ph.Eur.)","BfArM BEZVO","add_cas_name",""
"C02DB01","Dihydralazin","Dihydralazin mesilat","11406","Dihydralazinmesilat","BfArM BEZVO","add_cas_name",""
"C02DB01","Dihydralazin","Dihydralazin sulfat","6151","Dihydralazinsulfat","BfArM BEZVO","add_cas_name",""
"D04AA13|R06AB03","Dimetinden|Dimetinden","Dimetinden maleat","3817","Dimetindenmaleat","BfArM BEZVO","add_cas_name",""
"G04BC50","Andere Harnkonkrement loesende Mittel, Kombinationen","Dinatriumhydrogenphosphat-2-Wasser","12711","Natriummonohydrogenphosphat-Dihydrat (Ph.Eur.)","BfArM BEZVO","add_cas_name",""
"V03AB06","Thiosulfat","Dinatriumthiosulfat-5-Wasser","224","Natriumthiosulfat (Ph.Eur.)","BfArM BEZVO","add_cas_name",""
"N07AA03","Distigmin","Distigmin bromid","4776","Distigminbromid","BfArM BEZVO","add_cas_name",""
"R01AX30","Kombinationen","DL-a-Tocopherol acetat","328","all-rac-α-Tocopherolacetat (Ph.Eur.)","BfArM BEZVO","add_cas_name",""
"N06DA02","Donepezil","Donepezil hydrochlorid","27637","Donepezilhydrochlorid","BfArM BEZVO","add_cas_name",""
"C01CA04","Dopamin","Dopamin hydrochlorid","10620","Dopaminhydrochlorid","BfArM BEZVO","add_cas_name",""
"R07AB01","Doxapram","Doxapram hydrochlorid","8602","Doxapramhydrochlorid (Ph.Eur.)","BfArM BEZVO","add_cas_name",""
"C09AA02","Enalapril","Enalapril maleat","23100","Enalaprilmaleat","BfArM BEZVO","add_cas_name",""
"C01CA26","Ephedrin","Ephedrin hydrochlorid","120","Ephedrinhydrochlorid","BfArM BEZVO","add_cas_name",""
"C07AB09","Esmolol","Esmolol hydrochlorid","22892","Esmololhydrochlorid","BfArM BEZVO","add_cas_name",""
"J04AK02","Ethambutol","Ethambutol dihydrochlorid","1594","Ethambutoldihydrochlorid","BfArM BEZVO","add_cas_name",""
"R04AP30","Kombinationen","Eucalyptusöl","36051","Eucalyptusöl, raffiniert","PubChem; ECHA","add_cas_name",""
"G02CA03|R03AC04|R03AL01","Fenoterol|Fenoterol|Fenoterol und Ipratropiumbromid","Fenoterol hydrobromid","6253","Fenoterolhydrobromid","BfArM BEZVO","add_cas_name",""
"D02AX00","","Fettsäuren (C18:2), ungesättigt","15405","Ungesättigte Fettsäuren","BfArM BEZVO","add_cas_name","invalid ATC Code in DWH, is removed in FHIR Mapping; C18:2 fatty acid mixture; not a single chemically defined substance, no CAS available"
"C01BC04","Flecainid","Flecainid acetat","21899","Flecainidacetat","BfArM BEZVO","add_cas_name",""
"N05AF01","Flupentixol","Flupentixol decanoat","3371","Flupentixoldecanoat","BfArM BEZVO","add_cas_name",""
"S01BC04","Flurbiprofen","Flurbiprofen natrium-2-Wasser","16603","Flurbiprofen-Natrium-Dihydrat","BfArM BEZVO","add_cas_name",""
"R03AC13|R03AK07|R03AK08|R03AL05|R03AL09|R03AL11","Formoterol|Formoterol und Budesonid|Formoterol und Beclometason|Formoterol und Aclidiniumbromid|Formoterol, Glycopyrroniumbromid und Beclometason|Formoterol, Glycopyrroniumbromid und Budesonid","Formoterol hemifumarat-1-Wasser","23761","Formoterolfumarat-Dihydrat (Ph.Eur.)","BfArM BEZVO","add_cas_name",""
"R03AC13|R03AK07|R03AK08|R03AL05|R03AL09|R03AL11","Formoterol|Formoterol und Budesonid|Formoterol und Beclometason|Formoterol und Aclidiniumbromid|Formoterol, Glycopyrroniumbromid und Beclometason|Formoterol, Glycopyrroniumbromid und Budesonid","Formoterol hemifumarat-1-Wasser","23761","Formoterolfumarat-Dihydrat (Ph.Eur.)","BfArM BEZVO","add_cas_name",""
"J05AD01","Foscarnet","Foscarnet natrium-6-Wasser","27424","Foscarnet-Natrium-Hexahydrat","BfArM BEZVO","add_cas_name",""
"J01GB03|S01AA11","Gentamicin|Gentamicin","Gentamicin sulfat","3989","Gentamicinsulfat","BfArM BEZVO","add_cas_name",""
"J01GB03|S01AA11","Gentamicin|Gentamicin","Gentamicin sulfat","3989","Gentamicinsulfat","BfArM BEZVO","add_cas_name",""
"J06BA02","Immunglobuline, normal human, zur intravasalen Anwendung","Gesamt-Plasmaprotein (human)","10679","Plasmaproteine vom Menschen","BfArM BEZVO","add_cas_name",""
"H04AA01","Glucagon","Glucagon, rekombiniert","6851","Glucagon","BfArM BEZVO","add_cas_name",""
"V04CA02","Glucose","Glucose-1-Wasser","133","Glucose-Monohydrat (Ph.Eur.)","BfArM BEZVO","add_cas_name",""
"B05BA11|V07AB10","Glucose|Verschiedene Verduennungsloesungen","Glucose, wasserfrei zur parenteralen Anwendung","12829","Glucose","BfArM BEZVO","add_cas_name",""
"R03AL04|R03AL09|R03AL12|R03BB06|R03AL11","Indacaterol und Glycopyrroniumbromid|Formoterol, Glycopyrroniumbromid und Beclometason|Indacaterol, Glycopyrroniumbromid und Mometason|Glycopyrroniumbromid|Formoterol, Glycopyrroniumbromid und Budesonid","Glycopyrronium-Kation","36604","Glycopyrronium","BfArM BEZVO","add_cas_name",""
"V04CM01","Gonadorelin","Gonadorelin acetat","14444","Gonadorelinacetat (Ph.Eur.)","BfArM BEZVO","add_cas_name",""
"B01AB01|C05BA03","Heparin|Heparin","Heparin natrium vom Schwein","1165","Heparin-Natrium","BfArM BEZVO","add_cas_name",""
"N05CP30","Kombinationen","Hopfenzapfen-Trockenextrakt","1128","Hopfenzapfen","PubChem CID 23308253","add_cas_name",""
"B06AA03","Hyaluronidase","Hyaluronidase vom Rind","2094","Hyaluronidase","BfArM BEZVO","add_cas_name",""
"S01KA01|S01XA45","Hyaluronsaeure|Hyaluronsaeure","Hyaluronsäure","12770","Hyaluronsäure ((mit Angaben zur Herkunft))","BfArM BEZVO","add_cas_name",""
"S01KA01|S01XA45","Hyaluronsaeure|Hyaluronsaeure","Hyaluronsäure","12770","Hyaluronsäure ((mit Angaben zur Herkunft))","BfArM BEZVO","add_cas_name",""
"N02AA03","Hydromorphon","Hydromorphon hydrochlorid","108","Hydromorphonhydrochlorid","BfArM BEZVO","add_cas_name",""
"P01BA02","Hydroxychloroquin","Hydroxychloroquin sulfat","7415","Hydroxychloroquinsulfat","BfArM BEZVO","add_cas_name",""
"S01KA02|S01XC05","Hypromellose|Hypromellose","Hypromellose","1333","Hypromellose ((ohne Angaben zum Substitutionstyp und zur Viskosität))","BfArM BEZVO","add_cas_name",""
"M01AE01","Ibuprofen","Ibuprofen DL-lysin","23391","Ibuprofen-ᴅʟ-Lysin (1:1)","BfArM BEZVO","add_cas_name",""
"C03BA11","Indapamid","Indapamid-0,5-Wasser","12253","Indapamid-Hemihydrat","PubChem CID 23725081","add_cas_name",""
"V04CX01","Indocyaningruen","Indocyaningrün, Mononatriumsalz","10754","Indocyaningrün-Mononatriumsalz","BfArM BEZVO","add_cas_name",""
"A10AD05","Insulin aspart","Insulin aspart-Isophan","24022","Insulin aspart","BfArM BEZVO","add_cas_name",""
"A10AD04","Insulin lispro","Insulin lispro-Isophan","26888","Insulin lispro","BfArM BEZVO","add_cas_name",""
"A10AC01","Insulin (human)","Insulin-Isophan (human)","11940","Isophan-Insulin-Suspension zur Injektion (Ph.Eur.)","BfArM BEZVO","add_cas_name",""
"A10AB01","Insulin (human)","Insulin, normal (human)","22265","Insulin human ((mit Angaben zur Herstellung))","BfArM BEZVO","add_cas_name",""
"H03AA51|H03CA01","Levothyroxin-Natrium und Iod-Verbindungen|Iodide","Iodid-Ion","1329","Iodid","BfArM BEZVO","add_cas_name",""
"R03AL01","Fenoterol und Ipratropiumbromid","Ipratropium bromid-1-Wasser","19720","Ipratropiumbromid (Ph.Eur.)","BfArM BEZVO","add_cas_name",""
"C01CA02","Isoprenalin","Isoprenalin hydrochlorid","7442","Isoprenalinhydrochlorid","BfArM BEZVO","add_cas_name",""
"C01DA08","Isosorbiddinitrat","Isosorbid dinitrat","5595","Isosorbiddinitrat","BfArM BEZVO","add_cas_name",""
"C01DA14","Isosorbidmononitrat","Isosorbid mononitrat","21993","Isosorbidmononitrat","BfArM BEZVO","add_cas_name",""
"C03DA02","Kaliumcanrenoat","Kalium canrenoat","7205","Kaliumcanrenoat","BfArM BEZVO","add_cas_name",""
"S01AA24","Kanamycin","Kanamycin sulfat-1-Wasser","2231","Kanamycinmonosulfat (Ph.Eur.)","BfArM BEZVO","add_cas_name",""
"J01GB03","Gentamicin","Kollagen vom Pferd","18245","Kollagen ((mit Angaben zur Herkunft))","BfArM BEZVO","add_cas_name",""
"V03AE03","Lanthan(III)-carbonat","Lanthan(III)-Ion","34213","Lanthan(Ⅲ)-carbonat-Hydrat ((mit Angaben zum Wasser-Gehalt (1:x)))","BfArM BEZVO","add_cas_name",""
"C08CA13","Lercanidipin","Lercanidipin hydrochlorid","24911","Lercanidipinhydrochlorid","BfArM BEZVO","add_cas_name",""
"R06AE09","Levocetirizin","Levocetirizin dihydrochlorid","31082","Levocetirizindihydrochlorid","BfArM BEZVO","add_cas_name",""
"N02AC06|N07BC05","Levomethadon|Levomethadon","Levomethadon hydrochlorid","7540","Levomethadonhydrochlorid","BfArM BEZVO","add_cas_name",""
"A01AE51|C01BB01|N01BB02|N01BB52|R02AA20","Lidocain, Kombinationen|Lidocain|Lidocain|Lidocain, Kombinationen|Verschiedene","Lidocain hydrochlorid-1-Wasser","1693","Lidocainhydrochlorid-Monohydrat","BfArM BEZVO","add_cas_name",""
"N06BA12","Lisdexamfetamin","Lisdexamfetamin dimesilat","37246","Lisdexamfetamindimesilat","BfArM BEZVO","add_cas_name",""
"A07DA03","Loperamid","Loperamid hydrochlorid","11844","Loperamidhydrochlorid","BfArM BEZVO","add_cas_name",""
"C05BB02|D04AB11","Polidocanol (Lauromacrogol 400)|Polidocanol (Lauromacrogol 400)","Macrogol-9-laurylether","39034","Lauromacrogol 400 (Ph.Eur.) ((Bezeichnung nur zulässig, wenn der Stoff arzneilich wirksamer Bestandteil ist))","BfArM BEZVO","add_cas_name",""
"N05AD03","Melperon","Melperon hydrochlorid","11063","Melperonhydrochlorid","BfArM BEZVO","add_cas_name",""
"N06DX01","Memantin","Memantin hydrochlorid","16705","Memantinhydrochlorid","BfArM BEZVO","add_cas_name",""
"N01BB03","Mepivacain","Mepivacain hydrochlorid","5638","Mepivacainhydrochlorid","BfArM BEZVO","add_cas_name",""
"L01BB02","Mercaptopurin","Mercaptopurin-1-Wasser","21855","Mercaptopurin-Monohydrat","BfArM BEZVO","add_cas_name",""
"N02BB02","Metamizol-Natrium","Metamizol natrium-1-Wasser","258","Metamizol-Natrium-Monohydrat","BfArM BEZVO","add_cas_name",""
"A10BA02|A10BD07","Metformin|Metformin und Sitagliptin","Metformin hydrochlorid","6150","Metforminhydrochlorid","BfArM BEZVO","add_cas_name",""
"N07BC02","Methadon","Methadon hydrochlorid","6581","Methadonhydrochlorid","BfArM BEZVO","add_cas_name",""
"G02AB01","Methylergometrin","Methylergometrin maleat","13057","Methylergometrinmaleat","BfArM BEZVO","add_cas_name",""
"A06AH01","Methylnaltrexonbromid","Methylnaltrexonium bromid","35885","Methylnaltrexonbromid","BfArM BEZVO","add_cas_name",""
"N06BA04","Methylphenidat","Methylphenidat hydrochlorid","6085","Methylphenidathydrochlorid","BfArM BEZVO","add_cas_name",""
"D07AC14","Methylprednisolonaceponat","Methylprednisolon aceponat","23093","Methylprednisolonaceponat","BfArM BEZVO","add_cas_name",""
"V03AB17|V04CX00","Methylthioniniumchlorid|","Methylthioninium chlorid","197","Methylthioniniumchlorid","BfArM BEZVO","add_cas_name",""
"A03FA01","Metoclopramid","Metoclopramid hydrochlorid-1-Wasser","10700","Metoclopramidhydrochlorid-Monohydrat","BfArM BEZVO","add_cas_name",""
"C07AB02","Metoprolol","Metoprolol succinat","11953","Metoprololsuccinat (Ph.Eur.)","BfArM BEZVO","add_cas_name",""
"C07AB02","Metoprolol","Metoprolol tartrat","11849","Metoprololtartrat (Ph.Eur.)","BfArM BEZVO","add_cas_name",""
"D01AC20|D01AC52","Imidazole/Triazole in Kombination mit Corticosteroiden|Miconazol, Kombinationen","Miconazol nitrat","9653","Miconazolnitrat","BfArM BEZVO","add_cas_name",""
"N06AX17","Milnacipran","Milnacipran hydrochlorid","26504","Milnacipranhydrochlorid","BfArM BEZVO","add_cas_name",""
"M03AC10","Mivacuriumchlorid","Mivacurium-Kation","36141","Mivacurium","BfArM BEZVO","add_cas_name",""
"D07AC13|R01AD09|R03AL12","Mometason|Mometason|Indacaterol, Glycopyrroniumbromid und Mometason","Mometason furoat","24367","Mometasonfuroat (Ph.Eur.)","BfArM BEZVO","add_cas_name",""
"N02AA01","Morphin","Morphin hydrochlorid-3-Wasser","204","Morphinhydrochlorid (Ph.Eur.)","BfArM BEZVO","add_cas_name",""
"N02AA01","Morphin","Morphin sulfat","7651","Morphinhemisulfat-2,5-Hydrat","BfArM BEZVO","add_cas_name",""
"L04AA06","Mycophenolsaeure","Mycophenolat mofetil","26196","Mycophenolatmofetil (Ph.Eur.)","BfArM BEZVO","add_cas_name",""
"N02AF02","Nalbufin","Nalbuphin hydrochlorid","18999","Nalbuphinhydrochlorid","BfArM BEZVO","add_cas_name",""
"N02AA55|N02AX51|V03AB15","Oxycodon und Naloxon|Tilidin und Naloxon|Naloxon","Naloxon hydrochlorid","12393","Naloxonhydrochlorid","BfArM BEZVO","add_cas_name",""
"A06AB08","Natriumpicosulfat","Natrium picosulfat","5974","Natriumpicosulfat","BfArM BEZVO","add_cas_name",""
"A06AB08","Natriumpicosulfat","Natrium picosulfat-1-Wasser","6240","Natriumpicosulfat (Ph.Eur.)","BfArM BEZVO","add_cas_name",""
"V03AE10","Natrium-Zirconiumcyclosilicat","Natrium-Zirconium(IV)-cyclosilicat","43087","Natriumzirconiumhydrogencyclohexasilicat-Hydrat (3:2:1:1:x)","BfArM BEZVO","add_cas_name",""
"V07AC","","Natriumcitrat-2-Wasser","212","Natriumcitrat (Ph.Eur.)","BfArM BEZVO","add_cas_name",""
"A06AD13","Natriumsulfat","Natriumsulfat-10-Wasser","12721","Natriumsulfat-Decahydrat","BfArM BEZVO","add_cas_name",""
"S01CA55|S03AA23","Dexamethason, Neomycin und Polymyxin B|Polymyxin B, Neomycin und Gramicidin","Neomycin sulfat","1097","Neomycinsulfat","BfArM BEZVO","add_cas_name",""
"N07AA01","Neostigmin","Neostigmin metilsulfat","113","Neostigminmetilsulfat","BfArM BEZVO","add_cas_name",""
"C02DD01","Nitroprussid","Nitroprussidnatrium-2-Wasser","11544","Nitroprussidnatrium (Ph.Eur.)","BfArM BEZVO","add_cas_name",""
"V03AB13","Obidoxim","Obidoxim chlorid","7083","Obidoximchlorid","BfArM BEZVO","add_cas_name",""
"D08AJ57|A01AB24","Octenidin, Kombinationen|Octenidin","Octenidin dihydrochlorid","23152","Octenidindihydrochlorid","BfArM BEZVO","add_cas_name",""
"D08AJ57|A01AB24","Octenidin, Kombinationen|Octenidin","Octenidin dihydrochlorid","23152","Octenidindihydrochlorid","BfArM BEZVO","add_cas_name",""
"C09CA08|C09DB02","Olmesartanmedoxomil|Olmesartanmedoxomil und Amlodipin","Olmesartan medoxomil","27955","Olmesartanmedoxomil","BfArM BEZVO","add_cas_name",""
"N06AA05","Opipramol","Opipramol dihydrochlorid","7764","Opipramoldihydrochlorid","BfArM BEZVO","add_cas_name",""
"A05BA17","Ornithinaspartat","Ornithin aspartat","1890","Ornithinaspartat","BfArM BEZVO","add_cas_name",""
"S01HA02|S01JA51","Oxybuprocain|Fluorescein, Kombinationen","Oxybuprocain hydrochlorid","5370","Oxybuprocainhydrochlorid","BfArM BEZVO","add_cas_name",""
"G04BD04","Oxybutynin","Oxybutynin hydrochlorid","22831","Oxybutyninhydrochlorid","BfArM BEZVO","add_cas_name",""
"N02AA05|N02AA55","Oxycodon|Oxycodon und Naloxon","Oxycodon hydrochlorid","41951","Oxycodonhydrochlorid","BfArM BEZVO","add_cas_name",""
"R01AA05","Oxymetazolin","Oxymetazolin hydrochlorid","4875","Oxymetazolinhydrochlorid","BfArM BEZVO","add_cas_name",""
"S01AA04|S01CA53","Oxytetracyclin|Prednisolon und Oxytetracyclin","Oxytetracyclin hydrochlorid","2917","Oxytetracyclinhydrochlorid","BfArM BEZVO","add_cas_name",""
"M03AC01","Pancuronium","Pancuronium bromid","5222","Pancuroniumbromid","BfArM BEZVO","add_cas_name",""
"N05CP30","Kombinationen","Passionsblumen-Trockenextrakt","1857","Passionsblumenkrauttrockenextrakt ' ((Ethanol/Ethanol-Wasser))","BfArM BEZVO","add_cas_name","Product contains ethanol-extracted passionflower dry extract; no preparation-specific CAS confirmed."
"V04CX09","Patentblau V","Patentblau V, Natriumsalz","34186","Patentblau-Ⅴ-Natriumsalz","BfArM BEZVO","add_cas_name",""
"C01DA05","Pentaerythrityltetranitrat","Pentaerythrityltetranitrat","1848","Pentaerithrityltetranitrat","BfArM BEZVO","add_cas_name",""
"P01CX01","Pentamidindiisetionat","Pentamidin diisetionat","13721","Pentamidindiisetionat","BfArM BEZVO","add_cas_name",""
"V03AB47","Pentetsaeure","Pentetsäure, Calcium-Trinatriumsalz","3859","Calcium-trinatrium-pentetat ((gegebenenfalls mit Angaben zum Wassergehalt))","BfArM BEZVO","add_cas_name",""
"P03AC04","Permethrin","Permethrin","20807","Permethrin ((mit Angaben zum cis:trans-Verhältnis [rac-(1R,3R):rac-(1R,3S)-Verhältnis]))","BfArM BEZVO","add_cas_name",""
"N02AB02","Pethidin","Pethidin hydrochlorid","200","Pethidinhydrochlorid","BfArM BEZVO","add_cas_name",""
"D08AJ57","Octenidin, Kombinationen","Phenoxyethanol","3239","Phenoxyethanol (Ph.Eur.)","BfArM BEZVO","add_cas_name",""
"S01FB01","Phenylephrin","Phenylephrin hydrochlorid","1685","Phenylephrinhydrochlorid","BfArM BEZVO","add_cas_name",""
"B05XA14","Dinatrium-1-glycerophosphat","Phosphat-Ion","5011","Phosphat","BfArM BEZVO","add_cas_name",""
"V03AB19","Physostigmin","Physostigmin salicylat","262","Physostigminsalicylat (Ph.Eur.)","BfArM BEZVO","add_cas_name",""
"S01EB01","Pilocarpin","Pilocarpin hydrochlorid","263","Pilocarpinhydrochlorid","BfArM BEZVO","add_cas_name",""
"J01CA08","Pivmecillinam","Pivmecillinam hydrochlorid","21902","Pivmecillinamhydrochlorid","BfArM BEZVO","add_cas_name",""
"B05AA01","Albumin","Plasmaprotein (human)","10679","Plasmaproteine vom Menschen","BfArM BEZVO","add_cas_name",""
"V03AE01","Polystyrolsulfonat","Poly(styrol-co-divinylbenzol)sulfonsäure (92:8), Calciumsalz","52176","Poly(styrol-co-divinylbenzol)sulfonsäure-(92:8)-Calciumsalz","BfArM BEZVO","add_cas_name","Specific 92:8 cross-linked calcium resin matched; no corresponding CAS confirmed."
"V03AE01","Polystyrolsulfonat","Poly(styrol-co-divinylbenzol)sulfonsäure (92:8), Natriumsalz","8540","Poly(styrol-co-divinylbenzol)sulfonsäure-(x:y)-Natriumsalz","BfArM BEZVO","add_cas_name",""
"H02AB06","Prednisolon","Prednisolon 21-hydrogensuccinat, Natriumsalz","2806","Natrium(prednisolon-21-succinat)","BfArM BEZVO","add_cas_name",""
"S01BA04","Prednisolon","Prednisolon acetat","1270","Prednisolonacetat","BfArM BEZVO","add_cas_name",""
"N01BB04|N01BB54","Prilocain|Prilocain, Kombinationen","Prilocain hydrochlorid","7720","Prilocainhydrochlorid","BfArM BEZVO","add_cas_name",""
"S02DA55","Procain, Kombinationen","Procain hydrochlorid","271","Procainhydrochlorid","BfArM BEZVO","add_cas_name",""
"P01BB51","Proguanil und Atovaquon","Proguanil hydrochlorid","17129","Proguanilhydrochlorid","BfArM BEZVO","add_cas_name",""
"N05CM22|R06AD02","Promethazin|Promethazin","Promethazin hydrochlorid","3720","Promethazinhydrochlorid","BfArM BEZVO","add_cas_name",""
"G04BD06","Propiverin","Propiverin hydrochlorid","23144","Propiverinhydrochlorid","BfArM BEZVO","add_cas_name",""
"C07AA05","Propranolol","Propranolol hydrochlorid","7597","Propranololhydrochlorid","BfArM BEZVO","add_cas_name",""
"V03AB14","Protamin","Protamin sulfat","1151","Protaminsulfat ((mit Angaben zur Herstellung und zum Schwefelsäure-Gehalt))","BfArM BEZVO","add_cas_name",""
"B01AD12","Protein C","Protein C (human)","10669","Protein C","BfArM BEZVO","add_cas_name","Human plasma-derived Protein C matched; no unambiguous CAS confirmed."
"S01HA04","Proxymetacain","Proxymetacain hydrochlorid","5881","Proxymetacainhydrochlorid","BfArM BEZVO","add_cas_name",""
"R01BA60","Pseudoephedrin und Cetirizin","Pseudoephedrin hydrochlorid","9585","Pseudoephedrinhydrochlorid","BfArM BEZVO","add_cas_name",""
"N07AA02","Pyridostigmin","Pyridostigmin bromid","701","Pyridostigminbromid","BfArM BEZVO","add_cas_name",""
"A11HA02|J04AC51|N07XB52","Pyridoxin (Vitamin B6)|Isoniazid, Kombinationen|Thiamin, Kombinationen","Pyridoxin hydrochlorid","275","Pyridoxinhydrochlorid","BfArM BEZVO","add_cas_name",""
"V03AB43","DMPS","rac-(2R)-2,3-Bis(sulfanyl)propan-1-sulfonsäure, Natriumsalz","16542","rac-(2R)-2,3-Bis(sulfanyl)propan-1-sulfonsäure-Natriumsalz","BfArM BEZVO","add_cas_name",""
"R03CC14","Reproterol","Reproterol hydrochlorid","12122","Reproterolhydrochlorid","BfArM BEZVO","add_cas_name",""
"A11CA01|R01AX30|X99XK01","Retinol (Vitamin A)|Kombinationen|","Retinol palmitat","832","Retinolpalmitat","BfArM BEZVO","add_cas_name",""
"M03AC09","Rocuroniumbromid","Rocuronium bromid","25794","Rocuroniumbromid","BfArM BEZVO","add_cas_name",""
"N01BB09","Ropivacain","Ropivacain hydrochlorid","33612","Ropivacainhydrochlorid","BfArM BEZVO","add_cas_name",""
"A07FA02","Saccharomyces boulardii","Saccharomyces boulardii, Trockenhefe","1480","Trockenhefe aus Saccharomyces cerevisiae","PubChem SID 505880243","add_cas_name",""
"A12CE02","Natriumselenit","Selen(IV)-Ion","43772","Selen(Ⅳ)-Ion","BfArM BEZVO","add_cas_name",""
"V03AE02","Sevelamer","Sevelamer carbonat","34815","Sevelamercarbonat","BfArM BEZVO","add_cas_name",""
"G04BD08","Solifenacin","Solifenacin succinat","25892","Solifenacinsuccinat","BfArM BEZVO","add_cas_name",""
"C07AA07","Sotalol","Sotalol hydrochlorid","11569","Sotalolhydrochlorid","BfArM BEZVO","add_cas_name",""
"C01AA02","Acetyldigoxin","ß-Acetyldigoxin","2074","β-Acetyldigoxin","BfArM BEZVO","add_cas_name",""
"M03AB01","Suxamethonium","Suxamethonium chlorid","523","Suxamethoniumchlorid (Ph.Eur.)","BfArM BEZVO","add_cas_name",""
"G04CA02|G04CA52","Tamsulosin|Tamsulosin und Dutasterid","Tamsulosin hydrochlorid","23010","Tamsulosinhydrochlorid","BfArM BEZVO","add_cas_name",""
"J05AF07|J05AR03","Tenofovirdisoproxil|Tenofovirdisoproxil und Emtricitabin","Tenofovir disoproxil","30971","Tenofovirdisoproxil","BfArM BEZVO","add_cas_name",""
"R03CC03","Terbutalin","Terbutalin hemisulfat","5727","Terbutalinsulfat (Ph.Eur.)","BfArM BEZVO","add_cas_name",""
"H01BA04","Terlipressin","Terlipressin diacetat-5-Wasser","34476","Terlipressindiacetat-Pentahydrat","BfArM BEZVO","add_cas_name",""
"G03BA03","Testosteron","Testosteron undecanoat","12858","Testosteronundecanoat","BfArM BEZVO","add_cas_name",""
"J06BB02","Tetanus-Immunglobulin","Tetanus-Immunglobulin vom Menschen","35195","Immunglobuline gegen Tetanustoxin","BfArM BEZVO","add_cas_name","Human tetanus immunoglobulin has no assigned CAS."
"S01GA02","Tetryzolin","Tetryzolin hydrochlorid","5159","Tetryzolinhydrochlorid","BfArM BEZVO","add_cas_name",""
"C01CA30","Kombinationen","Theodrenalin hydrochlorid","5831","Theodrenalinhydrochlorid","BfArM BEZVO","add_cas_name",""
"A11DA01|N07XB52","Thiamin (Vitamin B1)|Thiamin, Kombinationen","Thiamin hydrochlorid","30","Thiaminchloridhydrochlorid","BfArM BEZVO","add_cas_name",""
"A11DA01|N07XB52","Thiamin (Vitamin B1)|Thiamin, Kombinationen","Thiamin hydrochlorid","30","Thiaminchloridhydrochlorid","BfArM BEZVO","add_cas_name",""
"B02BC51","Blutgerinnungsfaktoren, Kombinationen","Thrombin (human)","27195","Thrombin","BfArM BEZVO","add_cas_name",""
"N02AX51","Tilidin und Naloxon","Tilidin hydrochlorid","35727","Tilidinhydrochlorid","BfArM BEZVO","add_cas_name",""
"M03BX04","Tolperison","Tolperison hydrochlorid","12375","Tolperisonhydrochlorid","BfArM BEZVO","add_cas_name",""
"N02AX02","Tramadol","Tramadol hydrochlorid","8720","Tramadolhydrochlorid","BfArM BEZVO","add_cas_name",""
"N06AX05","Trazodon","Trazodon hydrochlorid","18677","Trazodonhydrochlorid","BfArM BEZVO","add_cas_name",""
"A09AA02","Multienzyme (Lipase, Protease etc.)","Triacylglycerollipase","4955","Triacylglycerol-Lipase","BfArM BEZVO","add_cas_name",""
"H02AB58","Triamcinolon-Depot","Triamcinolon acetonid","1036","Triamcinolonacetonid","BfArM BEZVO","add_cas_name",""
"G04BD09","Trospium","Trospium chlorid","7051","Trospiumchlorid","BfArM BEZVO","add_cas_name",""
"R03AL03|R03AL08","Vilanterol und Umeclidiniumbromid|Vilanterol, Umeclidiniumbromid und Fluticasonfuroat","Umeclidinium-Kation","36621","Umeclidinium","BfArM BEZVO","add_cas_name",""
"R03AL03|R03AL08","Vilanterol und Umeclidiniumbromid|Vilanterol, Umeclidiniumbromid und Fluticasonfuroat","Umeclidinium-Kation","36621","Umeclidinium","BfArM BEZVO","add_cas_name",""
"N03AG01","Valproinsaeure","Valproat natrium","8342","Natriumvalproat","BfArM BEZVO","add_cas_name",""
"X99XB01","","Vaselin, weißes","334","Weißes Vaselin","BfArM BEZVO","add_cas_name",""
"C08DA01","Verapamil","Verapamil hydrochlorid","5771","Verapamilhydrochlorid","BfArM BEZVO","add_cas_name",""
"B02BD06","Von Willebrand-Faktor und Blutgerinnungsfaktor VIII in Kombination","Von Willebrand-Faktor","21440","Von Willebrand-Faktor","NCATS Inxight Drugs","add_cas_name",""
"R01AA07","Xylometazolin","Xylometazolin hydrochlorid","6397","Xylometazolinhydrochlorid","BfArM BEZVO","add_cas_name",""
"A12CB05|B05XA26","Zinkhydrogenaspartat|Zinkhydrogenaspartat","Zinkbis(hydrogen-DL-aspartat)","5630","Zinkbis(hydrogen-ᴅʟ-aspartat)","PubChem CID 131953541","add_cas_name",""
"D06BB00","","Zinksulfat-7-Wasser","364","Zinksulfat-Heptahydrat","BfArM BEZVO","add_cas_name",""
"N05CF02","Zolpidem","Zolpidem hemitartrat","22790","Zolpidemtartrat (Ph.Eur.)","BfArM BEZVO","add_cas_name",""
"B05AX41","Erythrozyten ohne Pharmazentralnummer","Erythrozyten, UNbestrahlt ITIB","21444","Human-Erythrozyten","BfArM BEZVO","add_cas_name","DWH term refers to human erythrocytes; no specific CAS applies."
