ingredient_item_text,ingredient_positions,atc_code,atc_display,ingredient_coding_code_cas,ingredient_coding_display_cas,ingredient_coding_code_ask,found_ask_id,found_cas_code,found_cas_display,cas_quelle,action,comment,dirty_type,corrected_ingredient_text,corrected_ingredient_positions,additional_ask_id,additional_cas_code,additional_cas_display
(R)-Norepinephrin,1,C01CA03,Norepinephrin,,,,441,51-41-2,Norepinephrin,BEZVO CSV,add_name_mapping,,,,,,,
2,1,R02AA50,"Andere Antiseptika, Kombinationen",,Cresol-Gemisch,3929,,,,BEZVO CSV,wrong_split_dwh,"Wrong split of 2,4-Dichlorbenzylalkohol; the current Cresol mapping is a false match.",,,,,,
4-Dichlorbenzylalkohol,2,R02AA50,"Andere Antiseptika, Kombinationen",,,,5680,,,BEZVO CSV,wrong_split_dwh,"Wrong split of 2,4-Dichlorbenzylalkohol; correct upstream, as Levomenthol is also lost.",,,,,,
4-Dimethylaminophenol hydrochlorid,1,V03AB27,4-Dimethylaminophenol,,,,12512,5882-48-4,4-(Dimethylamino)phenol-hydrochlorid,BEZVO CSV,add_name_mapping,,,,,,,
4-Hydroxybutansäure,1,N01AX11,Natriumoxybat,,,,7410,591-81-1,4-Hydroxybutansäure,BEZVO CSV,check_mapping_or_join,"CAS exists in DGH but is missing in ClickHouse; check join, normalization, or refresh.",,,,,,
5-Wasser,3,A02BD08,"Bismutsubcitrat, Tetracyclin und Metronidazol",,,,,,,,wrong_split_dwh,Hydrate suffix of the bismuth complex; the DWH split and Citronensäure match are incorrect.,,,,,,
ANDERE DIÄTETIKA n.n.bez.,1,V06D0,,,,,,,,,not_mappable_general_category,Non-specific dietetic category; no single CAS applies.,,,,,,
Acetylcholin chlorid,1,S01EB09,Acetylcholin,,,,4165,60-31-1,Acetylcholinchlorid,BEZVO CSV,add_name_mapping,,,,,,,
Acetylsalicylsäure,1,B01AC06,Acetylsalicylsaeure,,Acetylsalicylsäure (Ph.Eur.),2,2,50-78-2,Acetylsalicylsäure (Ph.Eur.),https://echa.europa.eu/substance-information/-/substanceinfo/100.000.059,add_missing_cas_code,CAS is missing in ClickHouse; BfArM lists ASK 00002 / CAS 50-78-2.,,,,,,
Acetylsalicylsäure,1,N02BA01,Acetylsalicylsaeure,,Acetylsalicylsäure (Ph.Eur.),2,2,50-78-2,Acetylsalicylsäure (Ph.Eur.),https://echa.europa.eu/substance-information/-/substanceinfo/100.000.059,add_missing_cas_code,,,,,,,
Acetylsalicylsäure,1,N02BA13,Lysin-Acetylsalicylat,,Acetylsalicylsäure (Ph.Eur.),2,2,50-78-2,Acetylsalicylsäure (Ph.Eur.),https://echa.europa.eu/substance-information/-/substanceinfo/100.000.059,add_missing_cas_code,,,,,,,
Aclidinium-Kation,1,R03AL05,Formoterol und Aclidiniumbromid,,,,36290,727649-81-2,Aclidinium,BEZVO CSV,add_name_mapping,"DWH names the Aclidinium cation; map to ASK 36290 / CAS 727649-81-2, pending form confirmation.",,,,,,
Aclidinium-Kation,1,R03BB05,Aclidiniumbromid,,,,36290,727649-81-2,Aclidinium,BEZVO CSV,add_name_mapping,,,,,,,
Agalsidase beta,1,A16AB04,Agalsidase beta,,Agalsidase beta,39225,39225,104138-64-9,Agalsidase beta,BEZVO CSV,add_missing_cas_code,BfArM bezvo lists 104138-64-9 as alternative CAS,,,,,,
Alfuzosin hydrochlorid,1,G04CA01,Alfuzosin,,,,22549,81403-68-1,Alfuzosinhydrochlorid,BEZVO CSV,add_name_mapping,,,,,,,
Alpha-1-Antitrypsin human,1,B02AB02,Alfa1-Antitrypsin,,,,24763,9041-92-3,Alpha-1-Proteinase-Inhibitor (human),BEZVO CSV,add_name_mapping,,,,,,,
Amantadin hemisulfat,1,N04BB01,Amantadin,,,,3928,31377-23-8,Amantadinhemisulfat,BEZVO CSV,add_name_mapping,,,,,,,
Ambroxol hydrochlorid,1,R05CB06,Ambroxol,,,,13436,23828-92-4,Ambroxolhydrochlorid,BEZVO CSV,add_name_mapping,,,,,,,
Ambroxol hydrochlorid,1,R07AA03,Ambroxol,,,,13436,23828-92-4,Ambroxolhydrochlorid,BEZVO CSV,add_name_mapping,,,,,,,
Amilorid hydrochlorid-2-Wasser,2,C03EA33,Bendroflumethiazid und Amilorid,,,,22436,17440-83-4,Amiloridhydrochlorid-Dihydrat,BEZVO CSV,add_name_mapping,,,,,,,
Amiodaron hydrochlorid,1,C01BD01,Amiodaron,,,,21609,19774-82-4,Amiodaronhydrochlorid,BEZVO CSV,add_name_mapping,,,,,,,
"Amphotericin B, liposomal",1,J02AA01,Amphotericin B,,,,456,1397-89-3,Amphotericin B,BEZVO CSV,dirty_ingredient_text,"Map to Amphotericin B (ASK 00456 / CAS 1397-89-3); ""liposomal"" is formulation only.",formulation_descriptor_in_ingredient_text,,,,,
AmphotericinB,1,J02AA01,Amphotericin B,,,,456,1397-89-3,Amphotericin B,BEZVO CSV,add_name_mapping,,,,,,,
Andere Diagnostika n.n.bez.,1,V04CX00,,,,,,,,,not_mappable_general_category,non-specific product/therapeutic category,,,,,,
"Andere Hals- und Rachentherapeutika, Kombinationen",1,R02AX50,"Andere Hals- und Rachentherapeutika, Kombinationen",,,,,,,,not_mappable_general_category,non-specific product/therapeutic category,,,,,,
Andere Verbandmittel n.n.bez.,1,D09AC00,,,,,,,,,not_mappable_general_category,non-specific product/therapeutic category,,,,,,
Andere Wundbehandlungsmittel,1,D03AX20,Andere Wundbehandlungsmittel,,,,,,,,not_mappable_general_category,non-specific product/therapeutic category,,,,,,
"Andere Wundbehandlungsmittel, Kombinationen",1,D03AX50,"Andere Wundbehandlungsmittel, Kombinationen",,,,,,,,not_mappable_general_category,non-specific product/therapeutic category,,,,,,
Andere ophthalmologische Diagnostika,1,S01JX,,,,,,,,,not_mappable_general_category,non-specific product/therapeutic category,,,,,,
Anti-D-Immunglobulin vom Menschen,1,J06BB01,Anti-D(rh)-Immunglobulin,,,,,887269-77-4,Rho(D) Immune Globulin,https://www.ncbi.nlm.nih.gov/books/NBK501752/,add_new_substance,,,,,,,
Anti-Human-T-Lymphozyten-Immunglobuline vom Pferd,1,L04AA03,Antilymphozytaeres Immunglobulin (Pferd),,,,31183,,Anti-Human-T-Lymphozyten-Immunglobulin vom Pferd,https://cdn.pfizer.com/pfizercom/products/material_safety_data/ATGAM.pdf,add_name_mapping,Equine anti-T-lymphocyte immunoglobulin; Pfizer SDS states that no CAS is assigned.,,,,,,
Anti-Human-T-Lymphozyten-Immunglobuline von Kaninchen,1,L04AA04,Antithymozytaeres Immunglobulin (Kaninchen),,,,31182,308067-60-9,Anti-Human-T-Lymphozyten-Immunglobulin vom Kaninchen,https://precision.fda.gov/uniisearch/srs/unii/D7RD81HE4W,add_missing_cas_code,,,,,,,
Antithrombin III,1,B01AB02,"Antithrombin III, Antithrombin alfa",,,,21692,9000-94-6,Antithrombin Ⅲ,BEZVO CSV,add_name_mapping,,,,,,,
Apfelfrucht-Pulver,1,A07XP05,Apfelfruchtextrakt,,,,, 85251-63-4,"Apple, Malus sylvestris, ext.",https://chem.echa.europa.eu/100.078.586/overview,add_new_substance,,,,,,,
"Apomorphin hydrochlorid-0,5-Wasser",1,N04BC07,Apomorphin,,,,13012,41372-20-7,Apomorphinhydrochlorid-Hemihydrat,BEZVO CSV,add_name_mapping,,,,,,,
"Aprepitant, Fosaprepitant",1,A04AD12,"Aprepitant, Fosaprepitant",,,,31323,,,BEZVO CSV,wrong_split_dwh,Two substances in one field; split Aprepitant and Fosaprepitant before CAS mapping.,,,,,,
Argatroban-1-Wasser,1,B01AE03,Argatroban,,,,41075,141396-28-3,Argatroban-Monohydrat,BEZVO CSV,add_name_mapping,,,,,,,
Arginin hydrochlorid,1,B05XB01,Argininhydrochlorid,,,,831,1119-34-2,Argininhydrochlorid,BEZVO CSV,add_name_mapping,,,,,,,
Articain hydrochlorid,1,N01BB58,"Articain, Kombinationen",,,,10986,23964-57-0,Articainhydrochlorid,BEZVO CSV,add_name_mapping,,,,,,,
Atovaquon,1,P01BB51,Proguanil und Atovaquon,,Atovaquon,26531,26531,95233-18-4,Atovaquon,https://pubchem.ncbi.nlm.nih.gov/compound/Atovaquone#section=Crystal-Structures,add_missing_cas_code,,,,,,,
"Atropinsulfat, wasserfrei",1,A03BA01,Atropin,,,,,55-48-1,"Atropinsulfat, wasserfrei",https://chem.echa.europa.eu/100.000.214/overview,add_new_substance,,,,,,,
"Atropinsulfat, wasserfrei",1,V03AB44,Atropin,,,,,55-48-1,"Atropinsulfat, wasserfrei",https://chem.echa.europa.eu/100.000.214/overview,add_new_substance,,,,,,,
Atropinsulfat-1-Wasser,1,A03BA01,Atropin,,,,41,5908-99-6,Atropinsulfat (Ph.Eur.),BEZVO CSV,add_name_mapping,,,,,,,
Atropinsulfat-1-Wasser,1,S01FA01,Atropin,,,,41,5908-99-6,Atropinsulfat (Ph.Eur.),BEZVO CSV,add_name_mapping,,,,,,,
Azithromycin-2-Wasser,1,S01AA26,Azithromycin,,,,26116,117772-70-0,Azithromycin-Dihydrat,BEZVO CSV,add_name_mapping,,,,,,,
Baldrianwurzel-Trockenextrakt (3-6:1); Auszugsmittel: Ethanol 70% (V/V),1,N05CP30,Kombinationen,,,,,8057-49-6,Valeriana officinalis root extract,https://hfpappexternal.fda.gov/scripts/fdcc/index.cfm?id=VALERIANROOTEXTRACTVALERIANAOFFICINALIS&set=foodsubstances,add_new_substance,No suitable current ASK; BEZVO ASK 37281 only references legacy ASK 01038-0.,,,,,,
Beclometason dipropionat,1,R03AK08,Formoterol und Beclometason,,,,4359,5534-09-8,Beclometasondipropionat (Ph.Eur.),BEZVO CSV,add_name_mapping,,,,,,,
Beclometason dipropionat,1,R03AL09,"Formoterol, Glycopyrroniumbromid und Beclometason",,,,4359,5534-09-8,Beclometasondipropionat (Ph.Eur.),BEZVO CSV,add_name_mapping,,,,,,,
Beclometason dipropionat,1,R03BA01,Beclometason,,,,4359,5534-09-8,Beclometasondipropionat (Ph.Eur.),BEZVO CSV,add_name_mapping,,,,,,,
Benzydamin hydrochlorid,1,R02AA56,"Cetylpyridinium, Kombinationen",,,,6165,132-69-4,Benzydaminhydrochlorid,BEZVO CSV,add_name_mapping,,,,,,,
Benzydamin hydrochlorid,1,R02AX03,Benzydamin,,,,6165,132-69-4,Benzydaminhydrochlorid,BEZVO CSV,add_name_mapping,,,,,,,
Benzylpenicillin-Benzathin,1,J01CE08,Benzylpenicillin-Benzathin,,,,4371,1538-09-6,Benzylpenicillin-Benzathin,BEZVO CSV,check_mapping_or_join,,,,,,,
Betahistin dimesilat,1,N07CA01,Betahistin,,,,16356,54856-23-4,Betahistindimesilat,BEZVO CSV,add_name_mapping,,,,,,,
Betamethason dipropionat,2,D01AC20,Imidazole/Triazole in Kombination mit Corticosteroiden,,,,10779,5593-20-4,Betamethasondipropionat (Ph.Eur.),BEZVO CSV,add_name_mapping,,,,,,,
Biperiden lactat,1,N04AA02,Biperiden,,,,7081,7085-45-2,Biperidenlactat,BEZVO CSV,add_name_mapping,,,,,,,
Bismut-Kalium-Salz (2:1:5)-1,2,A02BD08,"Bismutsubcitrat, Tetracyclin und Metronidazol",,,,37139,,,,wrong_split_dwh,Fragment of the bismuth complex; position 2 should be Tetracyclin hydrochlorid.,,,,,,
Bisoprolol fumarat,1,C07AB07,Bisoprolol,,,,23549,104344-23-2,Bisoprololfumarat (Ph.Eur.),BEZVO CSV,add_name_mapping,,,,,,,
Blutgerinnungsfaktor IX (human),1,B02BD04,Blutgerinnungsfaktor IX,,,,6224,9001-28-9,Blutgerinnungsfaktor Ⅸ,BEZVO CSV,add_name_mapping,,,,,,,
Blutgerinnungsfaktor VII (human),1,B02BD05,Blutgerinnungsfaktor VII,,,,6225,9001-25-6,Blutgerinnungsfaktor Ⅶ,BEZVO CSV,add_name_mapping,,,,,,,
Blutgerinnungsfaktor VIII (human),1,B02BD02,Blutgerinnungsfaktor VIII,,,,8625,9001-27-8,Blutgerinnungsfaktor Ⅷ,"https://www.ncbi.nlm.nih.gov/mesh?Cmd=DetailsSearch&Db=mesh&Term=""Factor+VIII""%5BMeSH+Terms%5D",add_missing_cas_code,,,,,,,
Blutgerinnungsfaktor VIII (human),2,B02BD06,Von Willebrand-Faktor und Blutgerinnungsfaktor VIII in Kombination,,,,8625,9001-27-8,Blutgerinnungsfaktor Ⅷ,"https://www.ncbi.nlm.nih.gov/mesh?Cmd=DetailsSearch&Db=mesh&Term=""Factor+VIII""%5BMeSH+Terms%5D",add_missing_cas_code,,,,,,,
Blutgerinnungsfaktor XIII (human),1,B02BD07,Blutgerinnungsfaktor XIII,,,,18296,9013-56-3,Blutgerinnungsfaktor ⅩⅢ,BEZVO CSV,add_name_mapping,,,,,,,
"Brimonidin(R,R)-tartrat",1,S01EA05,Brimonidin,,,,26936,70359-46-5,Brimonidintartrat,BEZVO CSV,add_name_mapping,,,,,,,
Bromhexin hydrochlorid,1,R05CB02,Bromhexin,,,,2267,611-75-6,Bromhexinhydrochlorid,BEZVO CSV,add_name_mapping,,,,,,,
Bupivacain hydrochlorid,1,N01BB01,Bupivacain,,,,7105,18010-40-7,Bupivacainhydrochlorid,BEZVO CSV,add_name_mapping,,,,,,,
Bupivacain hydrochlorid-1-Wasser,1,N01BB01,Bupivacain,,,,22131,73360-54-0,Bupivacainhydrochlorid (Ph.Eur.),BEZVO CSV,add_name_mapping,,,,,,,
Bupivacain hydrochlorid-1-Wasser,1,N01BB51,"Bupivacain, Kombinationen",,,,22131,73360-54-0,Bupivacainhydrochlorid (Ph.Eur.),BEZVO CSV,add_name_mapping,,,,,,,
Bupropion hydrochlorid,1,N06AX12,Bupropion,,,,22345,31677-93-7,Bupropionhydrochlorid,BEZVO CSV,add_name_mapping,,,,,,,
"C1-Esterase-Inhibitor, human",1,B06AC01,"C1-Inhibitor, aus Plasma gewonnen",,,,33715,80295-38-1,"C1-Inhibitor, aus Plasma gewonnen",BEZVO CSV,check_mapping_or_join,,,,,,,
Cafedrin hydrochlorid,1,C01CA30,Kombinationen,,,,5829,3039-97-2,Cafedrinhydrochlorid,BEZVO CSV,add_name_mapping,,,,,,,
Calcium-Ion,1,A12AA04,Calciumcarbonat,,,,1308,14127-61-8,Calcium-Ion,BEZVO CSV,check_mapping_or_join,,,,,,,
Calcium-Ion,1,A12AA20,Calcium (verschiedene Salze in Kombination),,,,1308,14127-61-8,Calcium-Ion,BEZVO CSV,check_mapping_or_join,,,,,,,
Calcium-Ion,1,A12AX01,Calciumcarbonat und Colecalciferol,,,,1308,14127-61-8,Calcium-Ion,BEZVO CSV,check_mapping_or_join,,,,,,,
Calcium-Ion,1,B05XA07,Calciumchlorid,,,,1308,14127-61-8,Calcium-Ion,BEZVO CSV,check_mapping_or_join,,,,,,,
Calciumchlorid-2-Wasser,3,B05BB12,Ringerloesung,,,,59,10035-04-8,Calciumchlorid-Dihydrat,BEZVO CSV,add_name_mapping,,,,,,,
Calciumchlorid-2-Wasser,1,B05XA07,Calciumchlorid,,,,59,10035-04-8,Calciumchlorid-Dihydrat,BEZVO CSV,add_name_mapping,,,,,,,
Calciumsalz-1-Wasser,2,A12AA20,Calcium (verschiedene Salze in Kombination),,,,60,,,BEZVO CSV,wrong_split_dwh,Wrong split; position 2 should be Calcium dilactate pentahydrate.,,,,,,
Candesartan cilexetil,1,C09CA06,Candesartan,,,,27048,145040-37-5,Candesartancilexetil,BEZVO CSV,add_name_mapping,,,,,,,
Carbomer 980,1,S01XC07,Carbomer,,,,13346,9007-20-9,Carbomer ((ohne Angaben zum Typ)),BEZVO CSV,add_name_mapping,,,,,,,
Cetirizin dihydrochlorid,1,R01BA60,Pseudoephedrin und Cetirizin,,,,22788,83881-52-1,Cetirizindihydrochlorid,BEZVO CSV,add_name_mapping,,,,,,,
Cetirizin dihydrochlorid,1,R06AE07,Cetirizin,,,,22788,83881-52-1,Cetirizindihydrochlorid,BEZVO CSV,add_name_mapping,,,,,,,
Cetylpyridinium chlorid,2,R02AA56,"Cetylpyridinium, Kombinationen",,,,733,123-03-5,Cetylpyridiniumchlorid,BEZVO CSV,add_name_mapping,,,,,,,
Cetylpyridinium chlorid,2,R02AX03,Benzydamin,,,,733,123-03-5,Cetylpyridiniumchlorid,BEZVO CSV,add_name_mapping,,,,,,,
Cetylpyridinium chlorid-1-Wasser,1,R02AA56,"Cetylpyridinium, Kombinationen",,,,15304,6004-24-6,Cetylpyridiniumchlorid (Ph.Eur.),BEZVO CSV,add_name_mapping,,,,,,,
Cetylpyridinium-Kation,2,R02AA20,Verschiedene,,,,36215,7773-52-6,Cetylpyridinium,BEZVO CSV,add_name_mapping,,,,,,,
Chinin hemisulfat-2-Wasser,1,M09AA02,Chinin,,,,75,6119-70-6,Chininsulfat (Ph.Eur.),BEZVO CSV,add_name_mapping,,,,,,,
Chinolin-8-ol sulfat-1-Wasser,1,D07BA01,Prednisolon und Antiseptika,,,,43564,207386-91-2,Chinolin-8-ol-hemisulfat-Hemihydrat,BEZVO CSV,check_mapping_or_join,,,,,,,
Chlorhexidin digluconat,1,A01AB03,Chlorhexidin,,,,4898,18472-51-0,Chlorhexidinbis(ᴅ-gluconat),BEZVO CSV,add_name_mapping,,,,,,,
Chloroquin phosphat,1,P01BA01,Chloroquin,,,,6547,50-63-5,Chloroquinphosphat (Ph.Eur.),BEZVO CSV,add_name_mapping,,,,,,,
Chlorprothixen hydrochlorid,1,N05AF03,Chlorprothixen,,,,6910,6469-93-8,Chlorprothixenhydrochlorid,BEZVO CSV,add_name_mapping,,,,,,,
"Ciclosporin, mikroemulgiert",1,L04AD01,Ciclosporin,,,,22510,59865-13-3,Ciclosporin,BEZVO CSV,add_name_mapping,,,,,,,
Cinchocain hydrochlorid,1,C05AD04,Cinchocain,,,,2813,61-12-1,Cinchocainhydrochlorid,BEZVO CSV,add_name_mapping,,,,,,,
Cisatracurium-Kation,1,M03AC11,Cisatracurium,,,,37589,96946-41-7,Cisatracurium,BEZVO CSV,add_name_mapping,,,,,,,
Citrat-Trianion,2,A12BA30,Kalium (verschiedene Salze in Kombination),,,,18014,126-44-3,Citrat,BEZVO CSV,check_mapping_or_join,,,,,,,
Clobetasol 17-propionat,1,D07AD01,Clobetasol,,,,11901,25122-46-7,Clobetasolpropionat (Ph.Eur.),BEZVO CSV,check_mapping_or_join,,,,,,,
Clomethiazol edisilat,1,N05CM02,Clomethiazol,,,,6968,1867-58-9,Clomethiazolhemiedisilat,BEZVO CSV,add_name_mapping,,,,,,,
Clonidin hydrochlorid,1,C02AC01,Clonidin,,,,4866,4205-91-8,Clonidinhydrochlorid,BEZVO CSV,add_name_mapping,,,,,,,
Clonidin hydrochlorid,1,N07BB11,Clonidin,,,,4866,4205-91-8,Clonidinhydrochlorid,BEZVO CSV,add_name_mapping,,,,,,,
Clonidin hydrochlorid,1,S01EA04,Clonidin,,,,4866,4205-91-8,Clonidinhydrochlorid,BEZVO CSV,add_name_mapping,,,,,,,
Clostridium botulinum (Onabotulinum) Toxin Typ A,1,M03AX21,Botulinumtoxin Typ A,,,,26170,93384-43-1,Botulinum-Toxin Typ A zur Injektion (Ph.Eur.),BEZVO CSV,add_name_mapping,,,,,,,
Co-trimoxazol,1,J01EE01,Sulfamethoxazol und Trimethoprim,,,,,,,,not_mappable_general_category,Fixed combination of Sulfamethoxazol and Trimethoprim; no single CAS can be assigned to the combined ingredient entry.,,,,,,
"Codein phosphat-0,5-Wasser",1,R05DA04,Codein,,,,87,41444-62-6,Codeinphosphat-Hemihydrat,BEZVO CSV,add_name_mapping,,,,,,,
Coffein citrat,1,N06BC01,Coffein,,,,879,69-22-7,Coffein-Citronensäure-Gemisch (1:1),BEZVO CSV,add_name_mapping,,,,,,,
Colestyramin,1,C10AC01,Colestyramin,,,,4629,11041-12-6,"Colestyramin ((mit Zusatz einer Zahl, die durch 10 geteilt, den ungefähren Prozent-Gehalt an Diethenylbenzol angibt))",BEZVO CSV,add_name_mapping,,,,,,,
"Cromoglicinsäure, Dinatriumsalz",1,S01GX01,Cromoglicinsaeure,,,,21625,15826-37-6,Natriumcromoglicat (Ph.Eur.),BEZVO CSV,add_name_mapping,,,,,,,
Cyanacrylsäurealkylester,1,V03AK01,Cyanacrylsaeurealkylester,,,,,,,,not_mappable_general_category,General alkyl cyanoacrylate category; no single ASK/CAS applies.,,,,,,
Cyclopentolat hydrochlorid,1,S01FA04,Cyclopentolat,,,,6937,5870-29-1,Cyclopentolathydrochlorid,BEZVO CSV,add_name_mapping,,,,,,,
Cyproheptadin hydrochlorid,1,R06AX02,Cyproheptadin,,,,7244,969-33-5,Cyproheptadinhydrochlorid,BEZVO CSV,add_name_mapping,,,,,,,
Cytomegalie-Immunglobulin vom Menschen,1,J06BB09,Cytomegalievirus-Immunglobulin,,,,,339086-15-6,Human cytomegalovirus immune globulin,https://precision.fda.gov/uniisearch/srs/unii/129L90A25N,add_new_substance,,,,,,,
D-Gluconsäure,1,A12AA20,Calcium (verschiedene Salze in Kombination),,,,,,,,wrong_split_dwh,Wrong split; position 1 should be calcium gluconate monohydrate.,,,,,,
"D-Gluconsäure, Calciumsalz-1-Wasser",1,B05XA19,Calciumgluconat,,,,60,66905-23-5,Calciumgluconat-Monohydrat,BEZVO CSV,add_name_mapping,,,,,,,
DL-a-Tocopherol acetat,2,R01AX30,Kombinationen,,,,328,52225-20-4,all-rac-α-Tocopherolacetat (Ph.Eur.),BEZVO CSV,add_name_mapping,,,,,,,
Dabigatran etexilat,1,B01AE07,Dabigatranetexilat,,,,30260,211915-06-9,Dabigatranetexilat,BEZVO CSV,add_name_mapping,,,,,,,
Danaparoid natrium,1,B01AB09,Danaparoid,,,,29861,308068-55-5,Danaparoid-Natrium ((MW: ca. 5500 Da)),https://comptox.epa.gov/dashboard/chemical/details/DTXSID701027494,add_missing_cas_code,,,,,,,
"Dantrolen natrium-3,5-Wasser",1,M03CA01,Dantrolen,,,,12534,24868-20-0,"Dantrolen-Natrium-3,5-Hydrat",BEZVO CSV,add_name_mapping,,,,,,,
Deferoxamin mesilat,1,V03AC01,Deferoxamin,,,,7166,138-14-7,Deferoxaminmesilat,BEZVO CSV,add_name_mapping,,,,,,,
Dequalinium chlorid,1,G01AC05,Dequalinium,,,,975,522-51-0,Dequaliniumchlorid,BEZVO CSV,add_name_mapping,,,,,,,
Dequalinium chlorid,3,R02AA20,Verschiedene,,,,975,522-51-0,Dequaliniumchlorid,BEZVO CSV,add_name_mapping,,,,,,,
Desmopressin acetat-3-Wasser,1,H01BA02,Desmopressin,,,,23270,62357-86-2,Desmopressinacetat-Trihydrat,BEZVO CSV,add_name_mapping,,,,,,,
Desmopressin-x-acetat-y-Wasser,1,H01BA02,Desmopressin,,,,11869,,Desmopressin (Ph.Eur.),BEZVO CSV,add_name_mapping,No single CAS is assigned because the acetate and water stoichiometry is variable. ,,,,,,
"Dexamethason 21-(3-sulfobenzoat), Natriumsalz",1,S01BA01,Dexamethason,,,,1196,3936-02-5,Dexamethason-21-(3-sulfobenzoat)-Natrium,BEZVO CSV,add_name_mapping,,,,,,,
Dexamethason 21-dihydrogenphosphat,1,H02AB02,Dexamethason,,,,10694,312-93-6,Dexamethason-21-dihydrogenphosphat,BEZVO CSV,check_mapping_or_join,,,,,,,
Dexamethason 21-palmitat,1,H02AB02,Dexamethason,,,,3505,14899-36-6,Dexamethason-21-palmitat,https://pubchem.ncbi.nlm.nih.gov/compound/63044,add_missing_cas_code,,,,,,,
Dexamethason dihydrogenphosphat-Dinatrium,1,S01BA01,Dexamethason,,,,2114,2392-39-4,Dexamethasondihydrogenphosphat-Dinatrium (Ph.Eur.),BEZVO CSV,add_name_mapping,,,,,,,
Diclofenac natrium-Dosieräquivalent,1,M01AB05,Diclofenac,,,,11900,15307-79-6,Diclofenac-Natrium,BEZVO CSV,dirty_ingredient_text,The suffix “-Dosieräquivalent” is a dosage qualifier and not part of the chemical substance name.,qualifier_appended,Diclofenac-Natrium,1,,,
Dihydralazin mesilat,1,C02DB01,Dihydralazin,,,,11406,69467-96-5,Dihydralazinmesilat,BEZVO CSV,add_name_mapping,,,,,,,
Dihydralazin sulfat,1,C02DB01,Dihydralazin,,,,6151,7327-87-9,Dihydralazinsulfat,BEZVO CSV,add_name_mapping,,,,,,,
Dimetinden maleat,1,D04AA13,Dimetinden,,,,3817,3614-69-5,Dimetindenmaleat,BEZVO CSV,add_name_mapping,,,,,,,
Dimetinden maleat,1,R06AB03,Dimetinden,,,,3817,3614-69-5,Dimetindenmaleat,BEZVO CSV,add_name_mapping,,,,,,,
Dinatriumhydrogenphosphat-2-Wasser,2,G04BC50,"Andere Harnkonkrement loesende Mittel, Kombinationen",,,,12711,10028-24-7,Natriummonohydrogenphosphat-Dihydrat (Ph.Eur.),BEZVO CSV,add_name_mapping,,,,,,,
Dinatriumthiosulfat-5-Wasser,1,V03AB06,Thiosulfat,,,,224,10102-17-7,Natriumthiosulfat (Ph.Eur.),BEZVO CSV,add_name_mapping,,,,,,,
Diphtherie-Adsorbat-Impfstoff,1,J07AJ52,"Pertussis, gereinigtes Antigen, Kombinationen mit Toxoiden",,,,,,,,not_mappable_general_category,No ASK/CAS for the individual diphtheria component; CAS 681272-92-4 belongs to the combination vaccine.,,,,,,
Diphtherie-Adsorbat-Impfstoff,1,J07AM51,"Tetanus-Toxoid, Kombinationen mit Diphtherie-Toxoid",,,,,,,,not_mappable_general_category,No ASK or reliable CAS found for this exact diphtheria-tetanus vaccine component.,,,,,,
Distigmin bromid,1,N07AA03,Distigmin,,,,4776,15876-67-2,Distigminbromid,BEZVO CSV,add_name_mapping,,,,,,,
Dodecyl(sulfoacetat),2,A06AG11,"Natriumlaurylsulfoacetat, inkl. Kombinationen",,,,,,,,wrong_split_dwh,DWH split the sodium salt name at the comma.,,,,,,
Donepezil hydrochlorid,1,N06DA02,Donepezil,,,,27637,142057-77-0,Donepezilhydrochlorid,BEZVO CSV,add_name_mapping,,,,,,,
Dopamin hydrochlorid,1,C01CA04,Dopamin,,,,10620,62-31-7,Dopaminhydrochlorid,BEZVO CSV,add_name_mapping,,,,,,,
Doxapram hydrochlorid,1,R07AB01,Doxapram,,,,8602,7081-53-0,Doxapramhydrochlorid (Ph.Eur.),BEZVO CSV,add_name_mapping,,,,,,,
Doxepin,1,N06AA12,Doxepin,,Doxepin,764,764,1668-19-5,Doxepin,BEZVO CSV,add_missing_cas_code,,,,,,,
Eisen(II)-Ion,1,B03AA01,Eisen(II)glycinsulfat,,,,1311,15438-31-0,Eisen(Ⅱ)-Ion,BEZVO CSV,add_name_mapping,,,,,,,
Eisen(II)-Ion,1,B03AA03,Eisen(II)gluconat,,,,1311,15438-31-0,Eisen(Ⅱ)-Ion,BEZVO CSV,add_name_mapping,,,,,,,
Eisen(III)-Ion,1,B03AB05,Eisen(III)hydroxid-Polymaltose-Komplex,,,,1402,20074-52-6,Eisen(Ⅲ)-Ion,BEZVO CSV,add_name_mapping,,,,,,,
Eisen(III)-Ion,1,B03AC01,Eisen(III)hydroxid-Polymaltose-Komplex,,,,1402,20074-52-6,Eisen(Ⅲ)-Ion,BEZVO CSV,add_name_mapping,,,,,,,
Eisen(III)-Ion,1,B03AC02,Eisen(III)oxid-Saccharose-Komplex,,,,1402,20074-52-6,Eisen(Ⅲ)-Ion,BEZVO CSV,add_name_mapping,,,,,,,
Eisen(III)-Ion,1,B03AC07,Eisen(III)natrium-Gluconat-Komplex,,,,1402,20074-52-6,Eisen(Ⅲ)-Ion,BEZVO CSV,add_name_mapping,,,,,,,
"Elektrolyte mit Kohlenhydraten, Infusionslösungen",1,B05BB02,Elektrolyte mit Kohlenhydraten,,,,,,,,not_mappable_general_category,General combination category; no single substance or CAS can be assigned.,,,,,,
"Elektrolyte, Infusionslösungen",1,B05BB01,Elektrolyte,,,,,,,,not_mappable_general_category,General electrolyte infusion category; no single substance or CAS can be assigned.,,,,,,
Enalapril maleat,1,C09AA02,Enalapril,,,,23100,76095-16-4,Enalaprilmaleat,BEZVO CSV,add_name_mapping,,,,,,,
Eosin,1,D03AX00,,,,,,17372-87-1,Eosin,https://pubchem.ncbi.nlm.nih.gov/compound/11048,add_new_substance,,,,,,,
Ephedrin hydrochlorid,1,C01CA26,Ephedrin,,,,120,50-98-6,Ephedrinhydrochlorid,BEZVO CSV,add_name_mapping,,,,,,,
Escherichia coli; Stamm Nissle 1917,1,A07EF01,"Escherichia coli, Stamm Nissle 1917",,,,,,,,add_new_substance,"Specific strain is identifiable, but no reliable strain-specific CAS could be found.",,,,,,
Escherichia coli; Stamm Nissle 1917,1,A07FA03,Escherichia coli,,,,,,,,add_new_substance,"Specific strain is identifiable, but no reliable strain-specific CAS could be found.",,,,,,
Esmolol hydrochlorid,1,C07AB09,Esmolol,,,,22892,81161-17-3,Esmololhydrochlorid,BEZVO CSV,add_name_mapping,,,,,,,
Ethambutol dihydrochlorid,1,J04AK02,Ethambutol,,,,1594,1070-11-7,Ethambutoldihydrochlorid,BEZVO CSV,add_name_mapping,,,,,,,
Eucalyptusöl,1,R04AP30,Kombinationen,,,,36051,8000-48-4,"Eucalyptusöl, raffiniert",https://echa.europa.eu/substance-information/-/substanceinfo/100.075.798,add_missing_cas_code,,,,,,,
Fenoterol hydrobromid,1,G02CA03,Fenoterol,,,,6253,1944-12-3,Fenoterolhydrobromid,BEZVO CSV,add_name_mapping,,,,,,,
Fenoterol hydrobromid,1,R03AC04,Fenoterol,,,,6253,1944-12-3,Fenoterolhydrobromid,BEZVO CSV,add_name_mapping,,,,,,,
Fenoterol hydrobromid,2,R03AL01,Fenoterol und Ipratropiumbromid,,,,6253,1944-12-3,Fenoterolhydrobromid,BEZVO CSV,add_name_mapping,,,,,,,
Fett-Emulsionen,1,B05BA02,Fett-Emulsionen,,,,,,,,not_mappable_general_category,General lipid emulsion category; no single CAS can be assigned.,,,,,,
"Fettsäuren (C18:2), ungesättigt",1,D02AX00,,,,,15405,,Ungesättigte Fettsäuren,BEZVO CSV,add_name_mapping,C18:2 fatty acid mixture; not a single chemically defined substance.,,,,,,
Flecainid acetat,1,C01BC04,Flecainid,,,,21899,54143-56-5,Flecainidacetat,BEZVO CSV,add_name_mapping,,,,,,,
"Flohsamenschalen, indische",1,A06AC01,Ispaghula (Flohsamen),,,,,8063-16-9,Psyllium husk,https://pubchem.ncbi.nlm.nih.gov/substance/135282130,add_new_substance,,,,,,,
Fluorescein-Natrium,2,S01JA51,"Fluorescein, Kombinationen",,,,2064,518-47-8,Fluorescein-Natrium (Ph.Eur.),BEZVO CSV,check_mapping_or_join,Exact DWH name already exists under ASK 02064 with CAS 518-47-8.,,,,,,
Flupentixol decanoat,1,N05AF01,Flupentixol,,,,3371,30909-51-4,Flupentixoldecanoat,BEZVO CSV,add_name_mapping,,,,,,,
Flupredniden 21-acetat,2,D01AA20,Antibiotika in Kombination mit Corticosteroiden,,,,3666,1255-35-2,Flupredniden-21-acetat,BEZVO CSV,check_mapping_or_join,,,,,,,
Flupredniden 21-acetat,2,D01AC20,Imidazole/Triazole in Kombination mit Corticosteroiden,,,,3666,1255-35-2,Flupredniden-21-acetat,BEZVO CSV,check_mapping_or_join,,,,,,,
Flurbiprofen natrium-2-Wasser,1,S01BC04,Flurbiprofen,,,,16603,1584155-62-3,Flurbiprofen-Natrium-Dihydrat,BEZVO CSV,add_name_mapping,,,,,,,
Fluticason 17-propionat,1,R01AD08,Fluticason,,,,23857,80474-14-2,Fluticasonpropionat (Ph.Eur.),BEZVO CSV,check_mapping_or_join,Normalized DWH name already exists under ASK 23857 with CAS 80474-14-2.,,,,,,
Fluticason 17-propionat,2,R03AK06,Salmeterol und Fluticason,,,,23857,80474-14-2,Fluticasonpropionat (Ph.Eur.),BEZVO CSV,check_mapping_or_join,Normalized DWH name already exists under ASK 23857 with CAS 80474-14-2.,,,,,,
Formoterol hemifumarat-1-Wasser,1,R03AC13,Formoterol,,,,23761,183814-30-4,Formoterolfumarat-Dihydrat (Ph.Eur.),BEZVO CSV,add_name_mapping,,,,,,,
Formoterol hemifumarat-1-Wasser,2,R03AK07,Formoterol und Budesonid,,,,23761,183814-30-4,Formoterolfumarat-Dihydrat (Ph.Eur.),BEZVO CSV,add_name_mapping,,,,,,,
Formoterol hemifumarat-1-Wasser,2,R03AK08,Formoterol und Beclometason,,,,23761,183814-30-4,Formoterolfumarat-Dihydrat (Ph.Eur.),BEZVO CSV,add_name_mapping,,,,,,,
Formoterol hemifumarat-1-Wasser,2,R03AL05,Formoterol und Aclidiniumbromid,,,,23761,183814-30-4,Formoterolfumarat-Dihydrat (Ph.Eur.),BEZVO CSV,add_name_mapping,,,,,,,
Formoterol hemifumarat-1-Wasser,2,R03AL09,"Formoterol, Glycopyrroniumbromid und Beclometason",,,,23761,183814-30-4,Formoterolfumarat-Dihydrat (Ph.Eur.),BEZVO CSV,add_name_mapping,,,,,,,
Foscarnet natrium-6-Wasser,1,J05AD01,Foscarnet,,,,27424,34156-56-4,Foscarnet-Natrium-Hexahydrat,BEZVO CSV,add_name_mapping,,,,,,,
Gentamicin sulfat,2,J01GB03,Gentamicin,,,,3989,1405-41-0,Gentamicinsulfat,BEZVO CSV,add_name_mapping,,,,,,,
Gentamicin sulfat,1,S01AA11,Gentamicin,,,,3989,1405-41-0,Gentamicinsulfat,BEZVO CSV,add_name_mapping,,,,,,,
Gesamt-Plasmaprotein (human),1,J06BA02,"Immunglobuline, normal human, zur intravasalen Anwendung",,,,10679,871903-86-5,Plasmaproteine vom Menschen,BEZVO CSV,add_name_mapping,,,,,,,
"Glucagon, rekombiniert",1,H04AA01,Glucagon,,,,6851,16941-32-5,Glucagon,BEZVO CSV,add_name_mapping,,,,,,,
"Glucose, wasserfrei zur parenteralen Anwendung",1,B05BA11,Glucose,,,,12829,50-99-7,Glucose,BEZVO CSV,add_name_mapping,DWH name denotes anhydrous glucose; the parenteral-use qualifier does not change the substance.,,,,,,
"Glucose, wasserfrei zur parenteralen Anwendung",1,V07AB10,Verschiedene Verduennungsloesungen,,,,12829,50-99-7,Glucose,BEZVO CSV,add_name_mapping,,,,,,,
Glucose-1-Wasser,1,V04CA02,Glucose,,,,133,14431-43-7,Glucose-Monohydrat (Ph.Eur.),BEZVO CSV,add_name_mapping,,,,,,,
"Glucose-Testzone, Blut",1,V04CA03,"Glucose-Testzone, Blut",,,,,,,,not_mappable_general_category,"Diagnostic test zone, not a single chemically defined substance.",,,,,,
Glycerol 85%,1,A06AX01,Glycerol,,Glycerol 85%,12816,12816,56-81-5,Glycerol 85%,BEZVO CSV,add_missing_cas_code,"CAS 56-81-5 refers to glycerol; 85% indicates the concentration, not a different substance.",,,,,,
Glycopyrronium-Kation,2,R03AL04,Indacaterol und Glycopyrroniumbromid,,,,36604,13283-82-4,Glycopyrronium,BEZVO CSV,add_name_mapping,DWH name denotes glycopyrronium cation without specified stereochemistry.,,,,,,
Glycopyrronium-Kation,3,R03AL09,"Formoterol, Glycopyrroniumbromid und Beclometason",,,,36604,13283-82-4,Glycopyrronium,BEZVO CSV,add_name_mapping,,,,,,,
Glycopyrronium-Kation,2,R03AL12,"Indacaterol, Glycopyrroniumbromid und Mometason",,,,36604,13283-82-4,Glycopyrronium,BEZVO CSV,add_name_mapping,,,,,,,
Glycopyrronium-Kation,1,R03BB06,Glycopyrroniumbromid,,,,36604,13283-82-4,Glycopyrronium,BEZVO CSV,add_name_mapping,,,,,,,
Gonadorelin acetat,1,V04CM01,Gonadorelin,,,,14444,34973-08-5,Gonadorelinacetat (Ph.Eur.),BEZVO CSV,add_name_mapping,,,,,,,
Heparin natrium vom Schwein,1,B01AB01,Heparin,,,,1165,9041-08-1,Heparin-Natrium,BEZVO CSV,add_name_mapping,,,,,,,
Heparin natrium vom Schwein,1,C05BA03,Heparin,,,,1165,9041-08-1,Heparin-Natrium,BEZVO CSV,add_name_mapping,,,,,,,
"Hepatitis A, inaktiviert, ganzes Virus",1,J07BC02,"Hepatitis A, inaktiviert, ganzes Virus",,,,,,,,not_mappable_general_category,General inactivated whole-virus vaccine antigen; strain and product are unspecified.,,,,,,
Hepatitis-B-Immunglobulin vom Menschen,1,J06BB04,Hepatitis-B-Immunglobulin,,,,,,,,not_mappable_general_category,Polyclonal human hepatitis B immunoglobulin; monoclonal antibody CAS records are not applicable.,,,,,,
"Hepatitis-B-Impfstoff, rekombiniert, monovalent",1,J07BC01,"Hepatitis B, gereinigtes Antigen",,,,,104504-34-9,Hepatitis B vaccine,https://pubchem.ncbi.nlm.nih.gov/compound/23308253,add_new_substance,Recombinant hepatitis B vaccine has a CAS but no corresponding BEZVO ASK.,,,,,,
Herbstzeitlose-Gesamtalkaloide,1,M04AC01,Colchicin,,,,,,,,not_mappable_general_category,"Plant extract with multiple colchicum alkaloids, not pure colchicine.",,,,,,
Hopfenzapfen-Trockenextrakt,2,N05CP30,Kombinationen,,,,1128,8060-28-4,Hopfenzapfen,BfArM BEZVO ASK #01128; https://pubchem.ncbi.nlm.nih.gov/compound/23308253,add_missing_cas_code,,,,,,,
Hyaluronidase vom Rind,1,B06AA03,Hyaluronidase,,,,2094,9001-54-1,Hyaluronidase,BEZVO CSV,add_name_mapping,,,,,,,
Hyaluronsäure,1,S01KA01,Hyaluronsaeure,,,,12770,9004-61-9,Hyaluronsäure ((mit Angaben zur Herkunft)),BEZVO CSV,add_name_mapping,DWH name is a shortened form of the BEZVO hyaluronic acid record.,,,,,,
Hyaluronsäure,1,S01XA45,Hyaluronsaeure,,,,12770,9004-61-9,Hyaluronsäure ((mit Angaben zur Herkunft)),BEZVO CSV,add_name_mapping,,,,,,,
Hydromorphon hydrochlorid,1,N02AA03,Hydromorphon,,,,108,71-68-1,Hydromorphonhydrochlorid,BEZVO CSV,add_name_mapping,,,,,,,
Hydroxychloroquin sulfat,1,P01BA02,Hydroxychloroquin,,,,7415,747-36-4,Hydroxychloroquinsulfat,BEZVO CSV,add_name_mapping,,,,,,,
Hypromellose,1,S01KA02,Hypromellose,,,,1333,9004-65-3,Hypromellose ((ohne Angaben zum Substitutionstyp und zur Viskosität)),BEZVO CSV,add_missing_cas_code,,,,,,,
Hypromellose,1,S01XC05,Hypromellose,,,,1333,9004-65-3,Hypromellose ((ohne Angaben zum Substitutionstyp und zur Viskosität)),BEZVO CSV,add_missing_cas_code,,,,,,,
Hämagglutinin,1,J07BB02,"Influenza, inaktiviert, Spaltvirus oder Oberflaechenantigen",,,,,,,,not_mappable_general_category,Combined haemagglutinin antigens from multiple influenza strains; no single CAS applies.,,,,,,
Ibuprofen DL-lysin,1,M01AE01,Ibuprofen,,,,23391,57469-76-8,Ibuprofen-ᴅʟ-Lysin (1:1),BEZVO CSV,add_name_mapping,,,,,,,
Immunglobulin vom Menschen,1,J06BA01,"Immunglobuline, normal human, zur extravasalen Anwendung",,,,,,,,not_mappable_general_category,Polyclonal human IgG preparation containing many different antibodies; no single CAS applies.,,,,,,
Immunglobulin vom Menschen,1,J06BA02,"Immunglobuline, normal human, zur intravasalen Anwendung",,,,,,,,not_mappable_general_category,Polyclonal human IgG preparation containing many different antibodies; no single CAS applies.,,,,,,
"Indapamid-0,5-Wasser",1,C03BA11,Indapamid,,,,12253,180004-24-4,Indapamid-Hemihydrat,https://pubchem.ncbi.nlm.nih.gov/compound/23725081,add_missing_cas_code,,,,,,,
"Indocyaningrün, Mononatriumsalz",1,V04CX01,Indocyaningruen,,,,10754,3599-32-4,Indocyaningrün-Mononatriumsalz,BEZVO CSV,add_name_mapping,,,,,,,
Insulin,1,A10AD01,Insulin (human),,,,22265,,,BEZVO CSV,wrong_split_dwh,"Part of the incorrectly split name 'Insulin, normal (human)'.",,,,,,
Insulin aspart-Isophan,2,A10AD05,Insulin aspart,,,,24022,116094-23-6,Insulin aspart,BEZVO CSV,add_name_mapping,,,,,,,
Insulin lispro-Isophan,2,A10AD04,Insulin lispro,,,,26888,133107-64-9,Insulin lispro,BEZVO CSV,add_name_mapping,,,,,,,
"Insulin, normal (human)",1,A10AB01,Insulin (human),,,,22265,11061-68-0,Insulin human ((mit Angaben zur Herstellung)),BEZVO CSV,add_name_mapping,,,,,,,
Insulin-Isophan (human),1,A10AC01,Insulin (human),,,,11940,53027-39-7,Isophan-Insulin-Suspension zur Injektion (Ph.Eur.),BEZVO CSV,add_name_mapping,,,,,,,
"Iod, organisch gebunden",1,V08AA20,Kombinationen,,,,,,,,not_mappable_general_category,General iodine-content term; the specific contrast substance is not identified.,,,,,,
"Iod, organisch gebunden",1,V08AD01,Ethylester iodierter Fettsaeuren,,,,,,,,not_mappable_general_category,,,,,,,
Iodid-Ion,2,H03AA51,Levothyroxin-Natrium und Iod-Verbindungen,,,,1329,20461-54-5,Iodid,BEZVO CSV,add_name_mapping,,,,,,,
Iodid-Ion,1,H03CA01,Iodide,,,,1329,20461-54-5,Iodid,BEZVO CSV,add_name_mapping,,,,,,,
Ipratropium bromid-1-Wasser,1,R03AL01,Fenoterol und Ipratropiumbromid,,,,19720,66985-17-9,Ipratropiumbromid (Ph.Eur.),BEZVO CSV,add_name_mapping,,,,,,,
Isoprenalin hydrochlorid,1,C01CA02,Isoprenalin,,,,7442,51-30-9,Isoprenalinhydrochlorid,BEZVO CSV,add_name_mapping,,,,,,,
Isosorbid dinitrat,1,C01DA08,Isosorbiddinitrat,,,,5595,87-33-2,Isosorbiddinitrat,BEZVO CSV,add_name_mapping,,,,,,,
Isosorbid mononitrat,1,C01DA14,Isosorbidmononitrat,,,,21993,16051-77-7,Isosorbidmononitrat,BEZVO CSV,add_name_mapping,,,,,,,
Kalium canrenoat,1,C03DA02,Kaliumcanrenoat,,,,7205,2181-04-6,Kaliumcanrenoat,BEZVO CSV,add_name_mapping,,,,,,,
Kalium-Ion,1,A12BA30,Kalium (verschiedene Salze in Kombination),,,,1305,24203-36-9,Kalium-Ion,BEZVO CSV,check_mapping_or_join,Exact normalized DWH name already exists under the correct ASK.,,,,,,
Kamillenblüten-Extrakt,"2, 3",A01AE51,"Lidocain, Kombinationen",,,,,84082-60-0,Chamomilla recutita flower extract,https://echa.europa.eu/substance-information/-/substanceinfo/100.074.527,add_new_substance,Chamomile flower extract has CAS 84082-60-0; no suitable BEZVO ASK was found.,,,,,,
Kamillenblüten-Extrakt und Schafgarbenkraut-Extrakt,1,A03AP30,Kombinationen,,,,,,,,not_mappable_general_category,Combined chamomile and yarrow mixed extract; no single ASK or CAS applies.,,,,,,
Kanamycin sulfat-1-Wasser,1,S01AA24,Kanamycin,,,,2231,5965-95-7,Kanamycinmonosulfat (Ph.Eur.),BEZVO CSV,add_name_mapping,,,,,,,
Kiefernnadelöl,2,R04AP30,Kombinationen,,Kiefernnadelöl,1747,1747,8023-99-2,Pine Needle Oil (Pinus Sylvestris),https://pubchem.ncbi.nlm.nih.gov/compound/Pine-Needle-Oil-_Pinus-Sylvestris,add_missing_cas_code,,,,,,,
Kollagen vom Pferd,1,J01GB03,Gentamicin,,,,18245,9007-34-5,Kollagen ((mit Angaben zur Herkunft)),BEZVO CSV,add_name_mapping,,,,,,,
"Kollagen, Kombinationen",1,B02BC57,"Kollagen, Kombinationen",,,,,,,,not_mappable_general_category,Unspecified collagen combination; individual components are not available.,,,,,,
Kombinationen,1,D03BA20,Kombinationen,,,,,,,,not_mappable_general_category,Generic combination label; the actual active ingredients are not specified.,,,,,,
Kombinationen,1,R01AX30,Kombinationen,,,,,,,,not_mappable_general_category,Generic combination label; the actual active ingredients are not specified.,,,,,,
Kombinationen Hepatitis-Impfstoffen,1,J07BC20,Kombinationen,,,,,,,,not_mappable_general_category,Generic vaccine combination category; no specific antigen or substance is provided.,,,,,,
Kombinationen der Lösungen zur parenteralen Ernährung,1,B05BA10,Kombinationen,,,,,,,,not_mappable_general_category,Generic parenteral nutrition combination; no specific substance is provided.,,,,,,
Künstliche Tränen und andere indifferente Mittel,1,S01XA20,Kuenstliche Traenen und andere indifferente Mittel,,,,,,,,not_mappable_general_category,ATC category rather than a specific mappable substance.,,,,,,
Lactobacillus acidophilus-Kulturlyophilisat,1,G03CC06,Estriol,,,,,,,,not_mappable_general_category,Lyophilized Lactobacillus acidophilus culture; no single chemical CAS applies.,,,,,,
Lanthan(III)-Ion,1,V03AE03,Lanthan(III)-carbonat,,,,34213,54451-24-0,Lanthan(Ⅲ)-carbonat-Hydrat ((mit Angaben zum Wasser-Gehalt (1:x))),BEZVO CSV,add_name_mapping,,,,,,,
Lercanidipin hydrochlorid,1,C08CA13,Lercanidipin,,,,24911,132866-11-6,Lercanidipinhydrochlorid,BEZVO CSV,add_name_mapping,,,,,,,
Levocetirizin dihydrochlorid,1,R06AE09,Levocetirizin,,,,31082,130018-87-0,Levocetirizindihydrochlorid,BEZVO CSV,add_name_mapping,,,,,,,
Levomethadon hydrochlorid,1,N02AC06,Levomethadon,,,,7540,5967-73-7,Levomethadonhydrochlorid,BEZVO CSV,add_name_mapping,,,,,,,
Levomethadon hydrochlorid,1,N07BC05,Levomethadon,,,,7540,5967-73-7,Levomethadonhydrochlorid,BEZVO CSV,add_name_mapping,,,,,,,
Lidocain hydrochlorid-1-Wasser,1,A01AE51,"Lidocain, Kombinationen",,,,1693,6108-05-0,Lidocainhydrochlorid-Monohydrat,BEZVO CSV,add_name_mapping,,,,,,,
Lidocain hydrochlorid-1-Wasser,1,C01BB01,Lidocain,,,,1693,6108-05-0,Lidocainhydrochlorid-Monohydrat,BEZVO CSV,add_name_mapping,,,,,,,
Lidocain hydrochlorid-1-Wasser,1,N01BB02,Lidocain,,,,1693,6108-05-0,Lidocainhydrochlorid-Monohydrat,BEZVO CSV,add_name_mapping,,,,,,,
Lidocain hydrochlorid-1-Wasser,1,N01BB52,"Lidocain, Kombinationen",,,,1693,6108-05-0,Lidocainhydrochlorid-Monohydrat,BEZVO CSV,add_name_mapping,,,,,,,
Lidocain hydrochlorid-1-Wasser,1,R02AA20,Verschiedene,,,,1693,6108-05-0,Lidocainhydrochlorid-Monohydrat,BEZVO CSV,add_name_mapping,,,,,,,
Lisdexamfetamin dimesilat,1,N06BA12,Lisdexamfetamin,,,,37246,608137-33-3,Lisdexamfetamindimesilat,BEZVO CSV,add_name_mapping,,,,,,,
Loperamid hydrochlorid,1,A07DA03,Loperamid,,,,11844,34552-83-5,Loperamidhydrochlorid,BEZVO CSV,add_name_mapping,,,,,,,
Macrogol 3350,1,A06AD65,"Macrogol, Kombinationen",,Macrogol 3350,51317,51317,25322-68-3,Macrogol 3350,BEZVO CSV,add_missing_cas_code,,,,,,,
Macrogol 4000,1,A06AD15,Macrogol,,Macrogol 4000,51320,51320,25322-68-3,Macrogol 4000,BEZVO CSV,add_missing_cas_code,CAS is available in BEZVO but missing in DGH.,,,,,,
Macrogol-6,2,D02AE51,"Harnstoff, Kombinationen",,,,,,,,wrong_split_dwh,DWH name is truncated from Macrogol-6.5-lauryl ether; PEG 6 would be a false match.,,,,,,
Macrogol-9-laurylether,1,C05BB02,Polidocanol (Lauromacrogol 400),,,,39034,3055-99-0,"Lauromacrogol 400 (Ph.Eur.) ((Bezeichnung nur zulässig, wenn der Stoff arzneilich wirksamer Bestandteil ist))",BEZVO CSV,add_name_mapping,,,,,,,
Macrogol-9-laurylether,1,D04AB11,Polidocanol (Lauromacrogol 400),,,,39034,3055-99-0,"Lauromacrogol 400 (Ph.Eur.) ((Bezeichnung nur zulässig, wenn der Stoff arzneilich wirksamer Bestandteil ist))",BEZVO CSV,add_name_mapping,,,,,,,
Magnesium-Ion,1,A12CC05,Magnesiumaspartat,,,,1309,22537-22-0,Magnesium-Ion,BEZVO CSV,check_mapping_or_join,Exact normalized DWH name already exists under the correct ASK.,,,,,,
Magnesium-Ion,1,A12CC11,Magnesiumcarbonat,,,,1309,22537-22-0,Magnesium-Ion,BEZVO CSV,check_mapping_or_join,,,,,,,
Magnesium-Ion,1,A12CC30,Magnesium (verschiedene Salze in Kombination),,,,1309,22537-22-0,Magnesium-Ion,BEZVO CSV,check_mapping_or_join,,,,,,,
Magnesium-Ion,"1, 2",B05XA05,Magnesiumsulfat,,,,1309,22537-22-0,Magnesium-Ion,BEZVO CSV,check_mapping_or_join,,,,,,,
Melperon hydrochlorid,1,N05AD03,Melperon,,,,11063,1622-79-3,Melperonhydrochlorid,BEZVO CSV,add_name_mapping,,,,,,,
Memantin hydrochlorid,1,N06DX01,Memantin,,,,16705,41100-52-1,Memantinhydrochlorid,BEZVO CSV,add_name_mapping,,,,,,,
"Meningokokken-B-Impfstoff, rekombiniert, monovalent",1,J07AH09,"Meningokokken B, Multikomponenten-Impfstoff",,,,,,,,not_mappable_general_category,Multicomponent meningococcal B vaccine; no single substance CAS applies.,,,,,,
"Meningokokken-Polysaccharid-T-Konjugat-Impfstoff, tetravalent (A, C, W135, Y)",1,J07AH08,"Meningokokken tetravalent (A, C, Y, W-135), gereinigtes Polysaccharid-Antigen, konjugiert",,,,,,,,not_mappable_general_category,Tetravalent conjugate vaccine containing four serogroup polysaccharide antigens; no single substance CAS applies.,,,,,,
Mepivacain hydrochlorid,1,N01BB03,Mepivacain,,,,5638,16452-56-5,Mepivacainhydrochlorid,BEZVO CSV,add_name_mapping,,,,,,,
Mercaptopurin-1-Wasser,1,L01BB02,Mercaptopurin,,,,21855,6112-76-1,Mercaptopurin-Monohydrat,BEZVO CSV,add_name_mapping,,,,,,,
Metamizol natrium-1-Wasser,1,N02BB02,Metamizol-Natrium,,,,258,5907-38-0,Metamizol-Natrium-Monohydrat,BEZVO CSV,add_name_mapping,,,,,,,
Metformin hydrochlorid,1,A10BA02,Metformin,,,,6150,1115-70-4,Metforminhydrochlorid,BEZVO CSV,add_name_mapping,,,,,,,
Metformin hydrochlorid,2,A10BD07,Metformin und Sitagliptin,,,,6150,1115-70-4,Metforminhydrochlorid,BEZVO CSV,add_name_mapping,,,,,,,
Methadon hydrochlorid,1,N07BC02,Methadon,,,,6581,1095-90-5,Methadonhydrochlorid,BEZVO CSV,add_name_mapping,,,,,,,
Methylergometrin maleat,1,G02AB01,Methylergometrin,,,,13057,57432-61-8,Methylergometrinmaleat,BEZVO CSV,add_name_mapping,,,,,,,
Methylnaltrexonium bromid,1,A06AH01,Methylnaltrexonbromid,,,,35885,916055-92-0,Methylnaltrexonbromid,BEZVO CSV,add_name_mapping,,,,,,,
Methylphenidat hydrochlorid,1,N06BA04,Methylphenidat,,,,6085,23655-65-4,Methylphenidathydrochlorid,BEZVO CSV,add_name_mapping,,,,,,,
Methylprednisolon aceponat,1,D07AC14,Methylprednisolonaceponat,,,,23093,86401-95-8,Methylprednisolonaceponat,BEZVO CSV,add_name_mapping,,,,,,,
Methylthioninium chlorid,1,V03AB17,Methylthioniniumchlorid,,,,197,61-73-4,Methylthioniniumchlorid,BEZVO CSV,add_name_mapping,,,,,,,
Methylthioninium chlorid,1,V04CX00,,,,,197,61-73-4,Methylthioniniumchlorid,BEZVO CSV,add_name_mapping,,,,,,,
Metoclopramid hydrochlorid-1-Wasser,1,A03FA01,Metoclopramid,,,,10700,54143-57-6,Metoclopramidhydrochlorid-Monohydrat,BEZVO CSV,add_name_mapping,,,,,,,
Metoprolol succinat,1,C07AB02,Metoprolol,,,,11953,98418-47-4,Metoprololsuccinat (Ph.Eur.),BEZVO CSV,add_name_mapping,,,,,,,
Metoprolol tartrat,1,C07AB02,Metoprolol,,,,11849,56392-17-7,Metoprololtartrat (Ph.Eur.),BEZVO CSV,add_name_mapping,,,,,,,
Miconazol nitrat,1,D01AC20,Imidazole/Triazole in Kombination mit Corticosteroiden,,,,9653,22832-87-7,Miconazolnitrat,BEZVO CSV,add_name_mapping,,,,,,,
Miconazol nitrat,1,D01AC52,"Miconazol, Kombinationen",,,,9653,22832-87-7,Miconazolnitrat,BEZVO CSV,add_name_mapping,,,,,,,
Milnacipran hydrochlorid,1,N06AX17,Milnacipran,,,,26504,101152-94-7,Milnacipranhydrochlorid,BEZVO CSV,add_name_mapping,,,,,,,
Mivacurium-Kation,1,M03AC10,Mivacuriumchlorid,,,,36141,133814-19-4,Mivacurium,BEZVO CSV,add_name_mapping,,,,,,,
Mometason furoat,1,D07AC13,Mometason,,,,24367,83919-23-7,Mometasonfuroat (Ph.Eur.),BEZVO CSV,add_name_mapping,,,,,,,
Mometason furoat,1,R01AD09,Mometason,,,,24367,83919-23-7,Mometasonfuroat (Ph.Eur.),BEZVO CSV,add_name_mapping,,,,,,,
Mometason furoat,3,R03AL12,"Indacaterol, Glycopyrroniumbromid und Mometason",,,,24367,83919-23-7,Mometasonfuroat (Ph.Eur.),BEZVO CSV,add_name_mapping,,,,,,,
Morphin hydrochlorid-3-Wasser,1,N02AA01,Morphin,,,,204,6055-06-7,Morphinhydrochlorid (Ph.Eur.),BEZVO CSV,add_name_mapping,,,,,,,
Morphin sulfat,1,N02AA01,Morphin,,,,7651,6211-15-0,"Morphinhemisulfat-2,5-Hydrat",BEZVO CSV,add_name_mapping,,,,,,,
Mycophenolat mofetil,1,L04AA06,Mycophenolsaeure,,,,26196,128794-94-5,Mycophenolatmofetil (Ph.Eur.),BEZVO CSV,add_name_mapping,,,,,,,
Nalbuphin hydrochlorid,1,N02AF02,Nalbufin,,,,18999,23277-43-2,Nalbuphinhydrochlorid,BEZVO CSV,add_name_mapping,,,,,,,
Naloxon hydrochlorid,2,N02AA55,Oxycodon und Naloxon,,,,12393,357-08-4,Naloxonhydrochlorid,BEZVO CSV,add_name_mapping,,,,,,,
Naloxon hydrochlorid,2,N02AX51,Tilidin und Naloxon,,,,12393,357-08-4,Naloxonhydrochlorid,BEZVO CSV,add_name_mapping,,,,,,,
Naloxon hydrochlorid,1,V03AB15,Naloxon,,,,12393,357-08-4,Naloxonhydrochlorid,BEZVO CSV,add_name_mapping,,,,,,,
Natrium citrat,1,A06AG11,"Natriumlaurylsulfoacetat, inkl. Kombinationen",,,,212,6132-04-3,Natriumcitrat (Ph.Eur.),BEZVO CSV,dirty_ingredient_text,Exact form identified from medication context; DWH text alone does not distinguish the citrate form.,ambiguous_substance_form,,,,,
Natrium citrat,2,G04BC01,Kalium-Natrium-Hydrogencitrat,,,,12705,68-04-2,Natriumcitrat,BEZVO CSV,dirty_ingredient_text,Exact form identified from medication context; DWH text alone does not distinguish the citrate form.,ambiguous_substance_form,,,,,
Natrium picosulfat,1,A06AB08,Natriumpicosulfat,,,,5974,10040-45-6,Natriumpicosulfat,BEZVO CSV,add_name_mapping,,,,,,,
Natrium picosulfat-1-Wasser,1,A06AB08,Natriumpicosulfat,,,,6240,1307301-38-7,Natriumpicosulfat (Ph.Eur.),BEZVO CSV,add_name_mapping,,,,,,,
Natrium-Zirconium(IV)-cyclosilicat,1,V03AE10,Natrium-Zirconiumcyclosilicat,,,,43087,242800-27-7,Natriumzirconiumhydrogencyclohexasilicat-Hydrat (3:2:1:1:x),BEZVO CSV,add_name_mapping,,,,,,,
Natriumcitrat-2-Wasser,1,V07AC,,,,,212,6132-04-3,Natriumcitrat (Ph.Eur.),BEZVO CSV,add_name_mapping,,,,,,,
Natriumsalz,3,A06AG11,"Natriumlaurylsulfoacetat, inkl. Kombinationen",,,,,,,,wrong_split_dwh,"Fragment split from Dodecyl(sulfoacetat), Natriumsalz; not a separate ingredient.",,,,,,
Natriumsulfat-10-Wasser,1,A06AD13,Natriumsulfat,,,,12721,7727-73-3,Natriumsulfat-Decahydrat,BEZVO CSV,add_name_mapping,,,,,,,
Neomycin sulfat,2,S01CA55,"Dexamethason, Neomycin und Polymyxin B",,,,1097,1405-10-3,Neomycinsulfat,BEZVO CSV,add_name_mapping,,,,,,,
Neomycin sulfat,3,S03AA23,"Polymyxin B, Neomycin und Gramicidin",,,,1097,1405-10-3,Neomycinsulfat,BEZVO CSV,add_name_mapping,,,,,,,
Neostigmin metilsulfat,1,N07AA01,Neostigmin,,,,113,51-60-5,Neostigminmetilsulfat,BEZVO CSV,add_name_mapping,,,,,,,
Nitroprussidnatrium-2-Wasser,1,C02DD01,Nitroprussid,,,,11544,13755-38-9,Nitroprussidnatrium (Ph.Eur.),BEZVO CSV,add_name_mapping,,,,,,,
Obidoxim chlorid,1,V03AB13,Obidoxim,,,,7083,114-90-9,Obidoximchlorid,BEZVO CSV,add_name_mapping,,,,,,,
Octenidin dihydrochlorid,1,D08AJ57,"Octenidin, Kombinationen",,,,23152,70775-75-6,Octenidindihydrochlorid,BEZVO CSV,add_name_mapping,,,,,,,
Olmesartan medoxomil,1,C09CA08,Olmesartanmedoxomil,,,,27955,144689-63-4,Olmesartanmedoxomil,BEZVO CSV,add_name_mapping,,,,,,,
Olmesartan medoxomil,1,C09DB02,Olmesartanmedoxomil und Amlodipin,,,,27955,144689-63-4,Olmesartanmedoxomil,BEZVO CSV,add_name_mapping,,,,,,,
Ophthalmologische Spüllösungen,1,V07AB04,Ophthalmologische Spuelloesungen,,,,,,,,not_mappable_general_category,General category for ophthalmic irrigation solutions; no single substance CAS applies.,,,,,,
Opipramol dihydrochlorid,1,N06AA05,Opipramol,,,,7764,909-39-7,Opipramoldihydrochlorid,BEZVO CSV,add_name_mapping,,,,,,,
"Opiumtinktur, eingestellt",1,A07DA02,Opium,,,,239,,Eingestellte Opiumtinktur,BEZVO CSV,not_mappable_general_category,Standardized multicomponent opium tincture; no single CAS applies.,,,,,,
Ornithin aspartat,1,A05BA17,Ornithinaspartat,,,,1890,3230-94-2,Ornithinaspartat,BEZVO CSV,add_name_mapping,,,,,,,
Oxybuprocain hydrochlorid,1,S01HA02,Oxybuprocain,,,,5370,5987-82-6,Oxybuprocainhydrochlorid,BEZVO CSV,add_name_mapping,,,,,,,
Oxybuprocain hydrochlorid,1,S01JA51,"Fluorescein, Kombinationen",,,,5370,5987-82-6,Oxybuprocainhydrochlorid,BEZVO CSV,add_name_mapping,,,,,,,
Oxybutynin hydrochlorid,1,G04BD04,Oxybutynin,,,,22831,1508-65-2,Oxybutyninhydrochlorid,BEZVO CSV,add_name_mapping,,,,,,,
Oxycodon hydrochlorid,1,N02AA05,Oxycodon,,,,41951,124-90-3,Oxycodonhydrochlorid,BEZVO CSV,add_name_mapping,,,,,,,
Oxycodon hydrochlorid,1,N02AA55,Oxycodon und Naloxon,,,,41951,124-90-3,Oxycodonhydrochlorid,BEZVO CSV,add_name_mapping,,,,,,,
Oxymetazolin hydrochlorid,1,R01AA05,Oxymetazolin,,,,4875,2315-02-8,Oxymetazolinhydrochlorid,BEZVO CSV,add_name_mapping,,,,,,,
Oxytetracyclin hydrochlorid,1,S01AA04,Oxytetracyclin,,,,2917,2058-46-0,Oxytetracyclinhydrochlorid,BEZVO CSV,add_name_mapping,,,,,,,
Oxytetracyclin hydrochlorid,1,S01CA53,Prednisolon und Oxytetracyclin,,,,2917,2058-46-0,Oxytetracyclinhydrochlorid,BEZVO CSV,add_name_mapping,,,,,,,
Pancuronium bromid,1,M03AC01,Pancuronium,,,,5222,15500-66-0,Pancuroniumbromid,BEZVO CSV,add_name_mapping,,,,,,,
"Paraffin, dickflüssiges",1,A06AA01,Dickfluessiges Paraffin,,Dickflüssiges Paraffin,242,242,8012-95-1,Dickflüssiges Paraffin,BEZVO CSV,add_missing_cas_code,,,,,,,
"Paraffin, dünnflüssiges",1,X99XF01,,,Dünnflüssiges Paraffin,243,243,8012-95-1,Dünnflüssiges Paraffin,BEZVO CSV,add_missing_cas_code,,,,,,,
Passionsblumen-Trockenextrakt,3,N05CP30,Kombinationen,,,,1857,,Passionsblumenkrauttrockenextrakt ' ((Ethanol/Ethanol-Wasser)),BEZVO CSV,add_name_mapping,Product contains ethanol-extracted passionflower dry extract; no preparation-specific CAS confirmed.,,,,,,
"Patentblau V, Natriumsalz",1,V04CX09,Patentblau V,,,,34186,20262-76-4,Patentblau-Ⅴ-Natriumsalz,BEZVO CSV,add_name_mapping,,,,,,,
Pentaerythrityltetranitrat,1,C01DA05,Pentaerythrityltetranitrat,,,,1848,78-11-5,Pentaerithrityltetranitrat,BEZVO CSV,add_name_mapping,,,,,,,
Pentamidin diisetionat,1,P01CX01,Pentamidindiisetionat,,,,13721,140-64-7,Pentamidindiisetionat,BEZVO CSV,add_name_mapping,,,,,,,
"Pentetsäure, Calcium-Trinatriumsalz",1,V03AB47,Pentetsaeure,,,,3859,12111-24-9,Calcium-trinatrium-pentetat ((gegebenenfalls mit Angaben zum Wassergehalt)),BEZVO CSV,add_name_mapping,,,,,,,
Permethrin,1,P03AC04,Permethrin,,,,20807,52645-53-1,"Permethrin ((mit Angaben zum cis:trans-Verhältnis [rac-(1R,3R):rac-(1R,3S)-Verhältnis]))",BEZVO CSV,add_name_mapping,,,,,,,
Pertussis-Toxoid,2,J07AJ52,"Pertussis, gereinigtes Antigen, Kombinationen mit Toxoiden",,,,,,,,not_mappable_general_category,Biological toxoid antigen with no suitable BEZVO entry or ingredient-specific CAS.,,,,,,
Pethidin hydrochlorid,1,N02AB02,Pethidin,,,,200,50-13-5,Pethidinhydrochlorid,BEZVO CSV,add_name_mapping,,,,,,,
Phenoxyethanol,2,D08AJ57,"Octenidin, Kombinationen",,,,3239,122-99-6,Phenoxyethanol (Ph.Eur.),BEZVO CSV,add_name_mapping,,,,,,,
Phenylephrin hydrochlorid,1,S01FB01,Phenylephrin,,,,1685,61-76-7,Phenylephrinhydrochlorid,BEZVO CSV,add_name_mapping,,,,,,,
Phosphat-Ion,1,B05XA14,Dinatrium-1-glycerophosphat,,,,5011,14265-44-2,Phosphat,BEZVO CSV,add_name_mapping,,,,,,,
Physostigmin salicylat,1,V03AB19,Physostigmin,,,,262,57-64-7,Physostigminsalicylat (Ph.Eur.),BEZVO CSV,add_name_mapping,,,,,,,
Pilocarpin hydrochlorid,1,S01EB01,Pilocarpin,,,,263,54-71-7,Pilocarpinhydrochlorid,BEZVO CSV,add_name_mapping,,,,,,,
Pivmecillinam hydrochlorid,1,J01CA08,Pivmecillinam,,,,21902,32887-03-9,Pivmecillinamhydrochlorid,BEZVO CSV,add_name_mapping,,,,,,,
Placebo,1,V03AX10,Placebo,,,,,,,,not_mappable_general_category,Placebo formulation is unspecified and has no single CAS.,,,,,,
Plasmaprotein (human),1,B05AA01,Albumin,,,,10679,871903-86-5,Plasmaproteine vom Menschen,BEZVO CSV,add_name_mapping,,,,,,,
"Pneumokokken-Polysaccharid-CRM-Konjugat-Impfstoff, 13-valent",1,J07AL02,"Pneumokokken, gereinigtes Polysaccharid-Antigen, konjugiert",,,,,,,,not_mappable_general_category,Multivalent vaccine comprising 13 distinct CRM197-conjugated serotype antigens.,,,,,,
"Pneumokokken-Polysaccharid-CRM-Konjugat-Impfstoff, 15-valent",1,J07AL02,"Pneumokokken, gereinigtes Polysaccharid-Antigen, konjugiert",,,,,,,,not_mappable_general_category,Multivalent vaccine comprising 15 distinct CRM197-conjugated serotype antigens.,,,,,,
"Pneumokokken-Polysaccharid-CRM-Konjugat-Impfstoff, 20-valent",1,J07AL02,"Pneumokokken, gereinigtes Polysaccharid-Antigen, konjugiert",,,,,,,,not_mappable_general_category,Multivalent vaccine comprising 20 distinct CRM197-conjugated serotype antigens.,,,,,,
"Pneumokokken-Polysaccharid-Impfstoff, 23-valent",1,J07AL01,"Pneumokokken, gereinigtes Polysaccharid-Antigen",,,,,,,,not_mappable_general_category,Multivalent vaccine comprising 23 distinct pneumococcal polysaccharide antigens.,,,,,,
"Poly(styrol-co-divinylbenzol)sulfonsäure (92:8), Calciumsalz",1,V03AE01,Polystyrolsulfonat,,,,52176,,Poly(styrol-co-divinylbenzol)sulfonsäure-(92:8)-Calciumsalz,BEZVO CSV,add_name_mapping,Specific 92:8 cross-linked calcium resin matched; no corresponding CAS confirmed.,,,,,,
"Poly(styrol-co-divinylbenzol)sulfonsäure (92:8), Natriumsalz",1,V03AE01,Polystyrolsulfonat,,,,8540,63182-08-1,Poly(styrol-co-divinylbenzol)sulfonsäure-(x:y)-Natriumsalz,BEZVO CSV,add_name_mapping,,,,,,,
Polymyxin-B-sulfat,3,S01CA55,"Dexamethason, Neomycin und Polymyxin B",,,,1725,1405-20-5,Polymyxin-B-sulfat,BEZVO CSV,check_mapping_or_join,Exact DWH name already exists with the correct ASK and CAS.,,,,,,
Polymyxin-B-sulfat,1,S03AA23,"Polymyxin B, Neomycin und Gramicidin",,,,1725,1405-20-5,Polymyxin-B-sulfat,BEZVO CSV,check_mapping_or_join,,,,,,,
Prednisolon 21-hydrogensuccinat,1,H02AB06,Prednisolon,,,,2775,2920-86-7,Prednisolon-21-hydrogensuccinat,BEZVO CSV,check_mapping_or_join,,,,,,,
"Prednisolon 21-hydrogensuccinat, Natriumsalz",1,H02AB06,Prednisolon,,,,2806,1715-33-9,Natrium(prednisolon-21-succinat),BEZVO CSV,add_name_mapping,,,,,,,
Prednisolon acetat,1,S01BA04,Prednisolon,,,,1270,52-21-1,Prednisolonacetat,BEZVO CSV,add_name_mapping,,,,,,,
Prilocain hydrochlorid,1,N01BB04,Prilocain,,,,7720,1786-81-8,Prilocainhydrochlorid,BEZVO CSV,add_name_mapping,,,,,,,
Prilocain hydrochlorid,1,N01BB54,"Prilocain, Kombinationen",,,,7720,1786-81-8,Prilocainhydrochlorid,BEZVO CSV,add_name_mapping,,,,,,,
Procain hydrochlorid,2,S02DA55,"Procain, Kombinationen",,,,271,51-05-8,Procainhydrochlorid,BEZVO CSV,add_name_mapping,,,,,,,
Proguanil hydrochlorid,2,P01BB51,Proguanil und Atovaquon,,,,17129,637-32-1,Proguanilhydrochlorid,BEZVO CSV,add_name_mapping,,,,,,,
Promethazin hydrochlorid,1,N05CM22,Promethazin,,,,3720,58-33-3,Promethazinhydrochlorid,BEZVO CSV,add_name_mapping,,,,,,,
Promethazin hydrochlorid,1,R06AD02,Promethazin,,,,3720,58-33-3,Promethazinhydrochlorid,BEZVO CSV,add_name_mapping,,,,,,,
Propiverin hydrochlorid,1,G04BD06,Propiverin,,,,23144,54556-98-8,Propiverinhydrochlorid,BEZVO CSV,add_name_mapping,,,,,,,
Propranolol hydrochlorid,1,C07AA05,Propranolol,,,,7597,318-98-9,Propranololhydrochlorid,BEZVO CSV,add_name_mapping,,,,,,,
Protamin sulfat,1,V03AB14,Protamin,,,,1151,9009-65-8,Protaminsulfat ((mit Angaben zur Herstellung und zum Schwefelsäure-Gehalt)),BEZVO CSV,add_name_mapping,,,,,,,
Protein C (human),1,B01AD12,Protein C,,,,10669,,Protein C,BEZVO CSV,add_name_mapping,Human plasma-derived Protein C matched; no unambiguous CAS confirmed.,,,,,,
Proxymetacain hydrochlorid,1,S01HA04,Proxymetacain,,,,5881,5875-06-9,Proxymetacainhydrochlorid,BEZVO CSV,add_name_mapping,,,,,,,
Pseudoephedrin hydrochlorid,2,R01BA60,Pseudoephedrin und Cetirizin,,,,9585,345-78-8,Pseudoephedrinhydrochlorid,BEZVO CSV,add_name_mapping,,,,,,,
Pyridostigmin bromid,1,N07AA02,Pyridostigmin,,,,701,101-26-8,Pyridostigminbromid,BEZVO CSV,add_name_mapping,,,,,,,
Pyridoxin hydrochlorid,1,A11HA02,Pyridoxin (Vitamin B6),,,,275,58-56-0,Pyridoxinhydrochlorid,BEZVO CSV,add_name_mapping,,,,,,,
Pyridoxin hydrochlorid,2,J04AC51,"Isoniazid, Kombinationen",,,,275,58-56-0,Pyridoxinhydrochlorid,BEZVO CSV,add_name_mapping,,,,,,,
Pyridoxin hydrochlorid,2,N07XB52,"Thiamin, Kombinationen",,,,275,58-56-0,Pyridoxinhydrochlorid,BEZVO CSV,add_name_mapping,,,,,,,
Reproterol hydrochlorid,1,R03CC14,Reproterol,,,,12122,13055-82-8,Reproterolhydrochlorid,BEZVO CSV,add_name_mapping,,,,,,,
Retinol palmitat,1,A11CA01,Retinol (Vitamin A),,,,832,79-81-2,Retinolpalmitat,BEZVO CSV,add_name_mapping,,,,,,,
Retinol palmitat,1,R01AX30,Kombinationen,,,,832,79-81-2,Retinolpalmitat,BEZVO CSV,add_name_mapping,,,,,,,
Retinol palmitat,1,X99XK01,,,,,832,79-81-2,Retinolpalmitat,BEZVO CSV,add_name_mapping,,,,,,,
Rocuronium bromid,1,M03AC09,Rocuroniumbromid,,,,25794,119302-91-9,Rocuroniumbromid,BEZVO CSV,add_name_mapping,,,,,,,
Ropivacain hydrochlorid,1,N01BB09,Ropivacain,,,,33612,98717-15-8,Ropivacainhydrochlorid,BEZVO CSV,add_name_mapping,,,,,,,
"Rosmarinblätter-Extrakt, Liebstöckelwurzel-Extrakt und Tausendgüldenkraut-Extrakt",1,G04BP50,"Andere pflanzliche Urologika, Kombinationen",,,,,,,,wrong_split_dwh,Three distinct herbal extracts are merged into one ingredient field.,,,,,,
"Saccharomyces boulardii, Trockenhefe",1,A07FA02,Saccharomyces boulardii,,,,1480,68876-77-7,Trockenhefe aus Saccharomyces cerevisiae,https://pubchem.ncbi.nlm.nih.gov/compound/Saccharomyces-cerevisiae,add_missing_cas_code,,,,,,,
Salbeiblätter-Fluidextrakt,2,A01AE51,"Lidocain, Kombinationen",,,,,84082-79-1,Salvia officinalis extract,https://echa.europa.eu/substance-information/-/substanceinfo/100.074.545,add_new_substance,General CAS for Salvia officinalis leaf extract; fluid-extract preparation is unspecified.,,,,,,
Selen(IV)-Ion,1,A12CE02,Natriumselenit,,,,43772,22541-55-5,Selen(Ⅳ)-Ion,BEZVO CSV,add_name_mapping,,,,,,,
Sennesblätter,1,A06AB06,Sennoside,,,,,,,,not_mappable_general_category,"Senna leaves are specified, but only individual sennosides are available in BEZVO.",,,,,,
Sevelamer carbonat,1,V03AE02,Sevelamer,,,,34815,845273-93-0,Sevelamercarbonat,BEZVO CSV,add_name_mapping,,,,,,,
Solifenacin succinat,1,G04BD08,Solifenacin,,,,25892,242478-38-2,Solifenacinsuccinat,BEZVO CSV,add_name_mapping,,,,,,,
Sotalol hydrochlorid,1,C07AA07,Sotalol,,,,11569,959-24-0,Sotalolhydrochlorid,BEZVO CSV,add_name_mapping,,,,,,,
Surfactant vom Schwein,1,R07AA04,Natuerliche Phospholipide aus Schweinelunge,,,,,129069-19-8,Poractant alfa,https://pubchem.ncbi.nlm.nih.gov/compound/Poractant-Alfa,add_new_substance,120 mg/1.5 ml product strength identifies poractant alfa.,,,,,,
Suxamethonium chlorid,1,M03AB01,Suxamethonium,,,,523,6101-15-1,Suxamethoniumchlorid (Ph.Eur.),BEZVO CSV,add_name_mapping,,,,,,,
Tamsulosin hydrochlorid,1,G04CA02,Tamsulosin,,,,23010,106463-17-6,Tamsulosinhydrochlorid,BEZVO CSV,add_name_mapping,,,,,,,
Tamsulosin hydrochlorid,2,G04CA52,Tamsulosin und Dutasterid,,,,23010,106463-17-6,Tamsulosinhydrochlorid,BEZVO CSV,add_name_mapping,,,,,,,
Tenofovir disoproxil,1,J05AF07,Tenofovirdisoproxil,,,,30971,201341-05-1,Tenofovirdisoproxil,BEZVO CSV,add_name_mapping,,,,,,,
Tenofovir disoproxil,2,J05AR03,Tenofovirdisoproxil und Emtricitabin,,,,30971,201341-05-1,Tenofovirdisoproxil,BEZVO CSV,add_name_mapping,,,,,,,
Terbutalin hemisulfat,1,R03CC03,Terbutalin,,,,5727,23031-32-5,Terbutalinsulfat (Ph.Eur.),BEZVO CSV,add_name_mapping,,,,,,,
Terlipressin diacetat-5-Wasser,1,H01BA04,Terlipressin,,,,34476,,Terlipressindiacetat-Pentahydrat,BEZVO CSV,add_name_mapping,,,,,,,
Testosteron undecanoat,1,G03BA03,Testosteron,,,,12858,5949-44-0,Testosteronundecanoat,BEZVO CSV,add_name_mapping,,,,,,,
Tetanus-Adsorbat-Impfstoff,3,J07AJ52,"Pertussis, gereinigtes Antigen, Kombinationen mit Toxoiden",,,,,,,,not_mappable_general_category,,,,,,,
Tetanus-Adsorbat-Impfstoff,2,J07AM51,"Tetanus-Toxoid, Kombinationen mit Diphtherie-Toxoid",,,,,,,,not_mappable_general_category,,,,,,,
Tetanus-Immunglobulin vom Menschen,1,J06BB02,Tetanus-Immunglobulin,,,,35195,,Immunglobuline gegen Tetanustoxin,BEZVO CSV,add_name_mapping,Human tetanus immunoglobulin has no assigned CAS.,,,,,,
Tetryzolin hydrochlorid,1,S01GA02,Tetryzolin,,,,5159,522-48-5,Tetryzolinhydrochlorid,BEZVO CSV,add_name_mapping,,,,,,,
Theodrenalin hydrochlorid,2,C01CA30,Kombinationen,,,,5831,2572-61-4,Theodrenalinhydrochlorid,BEZVO CSV,add_name_mapping,,,,,,,
Thiamin hydrochlorid,1,A11DA01,Thiamin (Vitamin B1),,,,30,67-03-8,Thiaminchloridhydrochlorid,BEZVO CSV,add_name_mapping,,,,,,,
Thiamin hydrochlorid,1,N07XB52,"Thiamin, Kombinationen",,,,30,67-03-8,Thiaminchloridhydrochlorid,BEZVO CSV,add_name_mapping,,,,,,,
Thrombin (human),2,B02BC51,"Blutgerinnungsfaktoren, Kombinationen",,,,27195,9002-04-4,Thrombin,BEZVO CSV,add_name_mapping,,,,,,,
Tilidin hydrochlorid,1,N02AX51,Tilidin und Naloxon,,,,35727,27107-79-5,Tilidinhydrochlorid,BEZVO CSV,add_name_mapping,,,,,,,
Tinzaparin natrium,1,B01AB10,Tinzaparin,,Tinzaparin-Natrium,26757,26757,9041-08-1,Tinzaparin-Natrium,BEZVO CSV,add_missing_cas_code,CAS listed as alternative CAS in BEZVO.,,,,,,
Tiotropium-Kation,1,R03AL06,Olodaterol und Tiotropiumbromid,,,,36753,186691-13-4,Tiotropium,BEZVO CSV,check_mapping_or_join,Exact DWH name already exists for the tiotropium cation.,,,,,,
Tiotropium-Kation,1,R03BB04,Tiotropiumbromid,,,,36753,186691-13-4,Tiotropium,BEZVO CSV,check_mapping_or_join,,,,,,,
Tollwut-Immunglobulin vom Menschen,1,J06BB05,Tollwut-Immunglobulin,,,,,,,,not_mappable_general_category,Human rabies immunoglobulin has no suitable BEZVO entry or confirmed CAS.,,,,,,
Tolperison hydrochlorid,1,M03BX04,Tolperison,,,,12375,3644-61-9,Tolperisonhydrochlorid,BEZVO CSV,add_name_mapping,,,,,,,
Tramadol hydrochlorid,1,N02AX02,Tramadol,,,,8720,36282-47-0,Tramadolhydrochlorid,BEZVO CSV,add_name_mapping,,,,,,,
Trazodon hydrochlorid,1,N06AX05,Trazodon,,,,18677,25332-39-2,Trazodonhydrochlorid,BEZVO CSV,add_name_mapping,,,,,,,
Triacylglycerollipase,1,A09AA02,"Multienzyme (Lipase, Protease etc.)",,,,4955,9001-62-1,Triacylglycerol-Lipase,https://pubchem.ncbi.nlm.nih.gov/compound/135534490#section=Other-Identifiers,add_missing_cas_code,,,,,,,
Triamcinolon acetonid,1,H02AB58,Triamcinolon-Depot,,,,1036,76-25-5,Triamcinolonacetonid,BEZVO CSV,add_name_mapping,,,,,,,
Trospium chlorid,1,G04BD09,Trospium,,,,7051,10405-02-4,Trospiumchlorid,BEZVO CSV,add_name_mapping,,,,,,,
Umeclidinium-Kation,1,R03AL03,Vilanterol und Umeclidiniumbromid,,,,36621,869185-19-3,Umeclidinium,BEZVO CSV,add_name_mapping,,,,,,,
Umeclidinium-Kation,2,R03AL08,"Vilanterol, Umeclidiniumbromid und Fluticasonfuroat",,,,36621,869185-19-3,Umeclidinium,BEZVO CSV,add_name_mapping,,,,,,,
Valproat natrium,1,N03AG01,Valproinsaeure,,,,8342,1069-66-5,Natriumvalproat,BEZVO CSV,add_name_mapping,,,,,,,
Vancomycin-Standard,1,J01XA01,Vancomycin,,,,,,,,not_mappable_general_category,DWH term does not specify a reliable chemical form.,,,,,,
Varizellen-Immunglobulin vom Menschen,1,J06BB03,Varicella/Zoster-Immunglobulin,,,,,,,,not_mappable_general_category,Human varicella-zoster immunoglobulin has no suitable BEZVO entry; external CAS identifiers are inconsistent.,,,,,,
"Vaselin, weißes",1,X99XB01,,,,,334,8009-03-8,Weißes Vaselin,BEZVO CSV,add_missing_cas_code,CAS listed as alternative CAS in BEZVO.,,,,,,
Verapamil hydrochlorid,1,C08DA01,Verapamil,,,,5771,152-11-4,Verapamilhydrochlorid,BEZVO CSV,add_name_mapping,,,,,,,
Von Willebrand-Faktor,1,B02BD06,Von Willebrand-Faktor und Blutgerinnungsfaktor VIII in Kombination,,,,21440,109319-16-6,Von Willebrand-Faktor,https://www.ncbi.nlm.nih.gov/books/NBK500891/,add_missing_cas_code,,,,,,,
Wasser für Injektionszwecke,1,V07AB01,Wasser,,Wasser für Injektionszwecke,343,343,7732-18-5,Wasser für Injektionszwecke,BEZVO CSV,add_missing_cas_code,,,,,,,
Wasserstoffperoxid-Lösung 3%,1,A01AB02,Wasserstoffperoxid,,,,12947,7722-84-1,Wasserstoffperoxid-Lösung 3%,https://pubchem.ncbi.nlm.nih.gov/compound/784,add_missing_cas_code,,,,,,,
Xylometazolin hydrochlorid,1,R01AA07,Xylometazolin,,,,6397,1218-35-5,Xylometazolinhydrochlorid,BEZVO CSV,add_name_mapping,,,,,,,
Zinkbis(hydrogen-DL-aspartat),1,A12CB05,Zinkhydrogenaspartat,,,,5630,15281-32-0,Zinkbis(hydrogen-ᴅʟ-aspartat),https://pubchem.ncbi.nlm.nih.gov/compound/131953541,add_missing_cas_code,,,,,,,
Zinkbis(hydrogen-DL-aspartat),1,B05XA26,Zinkhydrogenaspartat,,,,5630,15281-32-0,Zinkbis(hydrogen-ᴅʟ-aspartat),https://pubchem.ncbi.nlm.nih.gov/compound/131953541,add_missing_cas_code,,,,,,,
Zinksulfat-7-Wasser,1,D06BB00,,,,,364,7446-20-0,Zinksulfat-Heptahydrat,BEZVO CSV,add_name_mapping,,,,,,,
Zolpidem hemitartrat,1,N05CF02,Zolpidem,,,,22790,99294-93-6,Zolpidemtartrat (Ph.Eur.),BEZVO CSV,add_name_mapping,,,,,,,
[177Lu]Lutetium vipivotid tetraxetan,1,V10XX05,(177Lu)Lutetiumvipivotidtetraxetan,,,,46023,1703749-62-5,(177Lu)Lutetiumvipivotidtetraxetan,BEZVO CSV,add_name_mapping,,,,,,,
normal (human),2,A10AD01,Insulin (human),,,,,,,,wrong_split_dwh,"DWH incorrectly split ""Insulin, normal (human)"" into separate ingredient fields.",,,,,,
"rac-(2R)-2,3-Bis(sulfanyl)propan-1-sulfonsäure, Natriumsalz",1,V03AB43,DMPS,,,,16542,4076-02-2,"rac-(2R)-2,3-Bis(sulfanyl)propan-1-sulfonsäure-Natriumsalz",BEZVO CSV,add_name_mapping,,,,,,,
ß-Acetyldigoxin,1,C01AA02,Acetyldigoxin,,,,2074,5355-48-6,β-Acetyldigoxin,BEZVO CSV,add_name_mapping,,,,,,,
Formoterol hemifumarat-1-Wasser,1,R03AL11,"Formoterol, Glycopyrroniumbromid und Budesonid",,,,23761,183814-30-4,Formoterolfumarat-Dihydrat (Ph.Eur.),BEZVO CSV,add_name_mapping,DWH name is a naming variant of formoterol fumarate dihydrate.,,,,,,
Glycopyrronium-Kation,2,R03AL11,"Formoterol, Glycopyrroniumbromid und Budesonid",,,,36604,13283-82-4,Glycopyrronium,BEZVO CSV,add_name_mapping,,,,,,,
Octenidin dihydrochlorid,1,A01AB24,Octenidin,,,,23152,70775-75-6,Octenidindihydrochlorid,BEZVO CSV,add_name_mapping,,,,,,,
"Erythrozyten, UNbestrahlt ITIB",1,B05AX41,Erythrozyten ohne Pharmazentralnummer,,,,21444,,Human-Erythrozyten,BEZVO CSV,add_name_mapping,DWH term refers to human erythrocytes; no specific CAS applies.,,,,,,
J01XX01,1,J01XX01,Fosfomycin,,,,18854,26016-99-9,Fosfomycin-Natrium (Ph.Eur.),BEZVO CSV,dirty_ingredient_text,ATC code is stored in the ingredient field; INFECTOFOS 5g contains Fosfomycin-Natrium.,code_in_ingredient_field,Fosfomycin-Natrium,1,,,
