import_id,medikation_id,medication_resource_id,code_text,code_coding_version_atc_bfarm,code_coding_code_atc_bfarm,code_coding_display_atc_bfarm,code_coding_code_pzn,code_coding_display_pzn,ingredient_item_text_1,ingredient_item_coding_code_cas_1,ingredient_item_coding_display_cas_1,ingredient_item_coding_code_ask_1,ingredient_strength_numerator_value_1,ingredient_strength_numerator_code_1,ingredient_strength_numerator_unit_1,ingredient_strength_denominator_value_1,ingredient_strength_denominator_code_1,ingredient_strength_denominator_unit_1,ingredient_item_text_2,ingredient_item_coding_code_cas_2,ingredient_item_coding_display_cas_2,ingredient_item_coding_code_ask_2,ingredient_strength_numerator_value_2,ingredient_strength_numerator_code_2,ingredient_strength_numerator_unit_2,ingredient_strength_denominator_value_2,ingredient_strength_denominator_code_2,ingredient_strength_denominator_unit_2,ingredient_item_text_3,ingredient_item_coding_code_cas_3,ingredient_item_coding_display_cas_3,ingredient_item_coding_code_ask_3,ingredient_strength_numerator_value_3,ingredient_strength_numerator_code_3,ingredient_strength_numerator_unit_3,ingredient_strength_denominator_value_3,ingredient_strength_denominator_code_3,ingredient_strength_denominator_unit_3,cas_quelle_1,cas_quelle_2,cas_quelle_3,original_wirkstoff_1,original_wirkstoff_2,original_wirkstoff_3,comment
7628,ab12561689,df59344c8089917103060eab46859c24,"2,4-Dichlorbenzylalkohol, Amylmetacresol und Levomenthol  1,2 mg + 0,6 mg + 5,72 mg",2026,R02AA50,"Andere Antiseptika, Kombinationen",12561689,,"2,4-Dichlorbenzylalkohol",1777-82-8,"2,4-Dichlorbenzylalkohol",5680,1.2,mg,milligramm,,,,Amylmetacresol,1300-94-3,Amylmetacresol,22101,0.6,mg,milligramm,,,,Levomenthol,2216-51-5,Levomenthol,193,5.72,mg,milligramm,,,,BfArM BEZVO ASK #05680,BfArM BEZVO ASK #22101,BfArM BEZVO ASK #00193,2,4-Dichlorbenzylalkohol,Amylmetacresol,"Corrected split at the comma in 2,4-Dichlorbenzylalkohol; Levomenthol restored as position 3."
8799,user0B09207FCE,3ffd8d193e8d4b0222ff4ed654ae52d7,"2,4-Dichlorbenzylalkohol, Amylmetacresol und Levomenthol  1,2 mg + 0,6 mg + 5,72 mg",2026,R02AA50,"Andere Antiseptika, Kombinationen",12561689,,"2,4-Dichlorbenzylalkohol",1777-82-8,"2,4-Dichlorbenzylalkohol",5680,1.2,mg,milligramm,,,,Amylmetacresol,1300-94-3,Amylmetacresol,22101,0.6,mg,milligramm,,,,Levomenthol,2216-51-5,Levomenthol,193,5.72,mg,milligramm,,,,BfArM BEZVO ASK #05680,BfArM BEZVO ASK #22101,BfArM BEZVO ASK #00193,2,4-Dichlorbenzylalkohol,Amylmetacresol,"Corrected split at the comma in 2,4-Dichlorbenzylalkohol; Levomenthol restored as position 3."
8935,fam_ab3341761600,c591b91b709b31cad35b12061ea2f9e7,"2,4-Dichlorbenzylalkohol, Amylmetacresol und Levomenthol  1,2 mg + 0,6 mg + 5,72 mg",2026,R02AA50,"Andere Antiseptika, Kombinationen",,,"2,4-Dichlorbenzylalkohol",1777-82-8,"2,4-Dichlorbenzylalkohol",5680,1.2,mg,milligramm,,,,Amylmetacresol,1300-94-3,Amylmetacresol,22101,0.6,mg,milligramm,,,,Levomenthol,2216-51-5,Levomenthol,193,5.72,mg,milligramm,,,,BfArM BEZVO ASK #05680,BfArM BEZVO ASK #22101,BfArM BEZVO ASK #00193,2,4-Dichlorbenzylalkohol,Amylmetacresol,"Corrected split at the comma in 2,4-Dichlorbenzylalkohol; Levomenthol restored as position 3."
9020,user0B08B02A22,0156cc881d53878535c0acbe99b18c0a,"2,4-Dichlorbenzylalkohol, Amylmetacresol und Levomenthol  1,2 mg + 0,6 mg + 5,72 mg",2026,R02AA50,"Andere Antiseptika, Kombinationen",12561689,,"2,4-Dichlorbenzylalkohol",1777-82-8,"2,4-Dichlorbenzylalkohol",5680,1.2,mg,milligramm,,,,Amylmetacresol,1300-94-3,Amylmetacresol,22101,0.6,mg,milligramm,,,,Levomenthol,2216-51-5,Levomenthol,193,5.72,mg,milligramm,,,,BfArM BEZVO ASK #05680,BfArM BEZVO ASK #22101,BfArM BEZVO ASK #00193,2,4-Dichlorbenzylalkohol,Amylmetacresol,"Corrected split at the comma in 2,4-Dichlorbenzylalkohol; Levomenthol restored as position 3."
2813,user0B08B3D839,1a033f5865a736a033d250fe104f06ea,"Aprepitant, Fosaprepitant",2026,A04AD12,"Aprepitant, Fosaprepitant",,,Aprepitant,170729-80-3,Aprepitant,31323,,,,,,,Fosaprepitant,172673-20-0,Fosaprepitant,35627,,,,,,,,,,,,,,,,,BfArM BEZVO ASK #31323,BfArM BEZVO ASK #35627,,"Aprepitant, Fosaprepitant",,,Split combination name into Aprepitant and Fosaprepitant; source strength 0.0 treated as missing.
2826,user0B08B3D884,1c64bf1874486c5b1dd60621b683f83c,"Aprepitant, Fosaprepitant",2026,A04AD12,"Aprepitant, Fosaprepitant",,,Aprepitant,170729-80-3,Aprepitant,31323,,,,,,,Fosaprepitant,172673-20-0,Fosaprepitant,35627,,,,,,,,,,,,,,,,,BfArM BEZVO ASK #31323,BfArM BEZVO ASK #35627,,"Aprepitant, Fosaprepitant",,,Split combination name into Aprepitant and Fosaprepitant; source strength 0.0 treated as missing.
5963,ab14313642,799d0aa9a27a8797c15d51533d827344,"Aprepitant, Fosaprepitant",2026,A04AD12,"Aprepitant, Fosaprepitant",,,Aprepitant,170729-80-3,Aprepitant,31323,,,,,,,Fosaprepitant,172673-20-0,Fosaprepitant,35627,,,,,,,,,,,,,,,,,BfArM BEZVO ASK #31323,BfArM BEZVO ASK #35627,,"Aprepitant, Fosaprepitant",,,Split combination name into Aprepitant and Fosaprepitant; source strength 0.0 treated as missing.
5985,ab16237170,4a9451f957753c357919bac58f7ad885,"Aprepitant, Fosaprepitant",2026,A04AD12,"Aprepitant, Fosaprepitant",,,Aprepitant,170729-80-3,Aprepitant,31323,,,,,,,Fosaprepitant,172673-20-0,Fosaprepitant,35627,,,,,,,,,,,,,,,,,BfArM BEZVO ASK #31323,BfArM BEZVO ASK #35627,,"Aprepitant, Fosaprepitant",,,Split combination name into Aprepitant and Fosaprepitant; source strength 0.0 treated as missing.
6182,fam_ab3349901600,ccc1394133d8f2c404b2359be52bcf23,"Aprepitant, Fosaprepitant",2026,A04AD12,"Aprepitant, Fosaprepitant",,,Aprepitant,170729-80-3,Aprepitant,31323,,,,,,,Fosaprepitant,172673-20-0,Fosaprepitant,35627,,,,,,,,,,,,,,,,,BfArM BEZVO ASK #31323,BfArM BEZVO ASK #35627,,"Aprepitant, Fosaprepitant",,,Split combination name into Aprepitant and Fosaprepitant; source strength 0.0 treated as missing.
6191,fam_ab3350372100,22d8841ad83d5272d8354fef4553890d,"Aprepitant, Fosaprepitant",2026,A04AD12,"Aprepitant, Fosaprepitant",,,Aprepitant,170729-80-3,Aprepitant,31323,,,,,,,Fosaprepitant,172673-20-0,Fosaprepitant,35627,,,,,,,,,,,,,,,,,BfArM BEZVO ASK #31323,BfArM BEZVO ASK #35627,,"Aprepitant, Fosaprepitant",,,Split combination name into Aprepitant and Fosaprepitant; source strength 0.0 treated as missing.
10529,user0B0923D889,49a29de2400cb22356070df182032701,"Aprepitant, Fosaprepitant",2026,A04AD12,"Aprepitant, Fosaprepitant",14313642,,Aprepitant,170729-80-3,Aprepitant,31323,,,,,,,Fosaprepitant,172673-20-0,Fosaprepitant,35627,,,,,,,,,,,,,,,,,BfArM BEZVO ASK #31323,BfArM BEZVO ASK #35627,,"Aprepitant, Fosaprepitant",,,Split combination name into Aprepitant and Fosaprepitant; source strength 0.0 treated as missing.
8128,user0B08B06BA6,9a9daa112bfb937bee27c8298b506f1b,"Citronensäure, Bismut-Kalium-Salz (2:1:5)-1,5-Wasser, Tetracyclin hydrochlorid und Metronidazol  140 mg + 125 mg + 125 mg",2026,A02BD08,"Bismutsubcitrat, Tetracyclin und Metronidazol",09705624,,"Citronensäure, Bismut-Kalium-Salz (2:1:5)-1,5-Wasser",880149-29-1,Citronensäure-Bismut-Kalium-Salz (2:1:5) Hydrat,37139,140.0,mg,milligramm,,,,Tetracyclin hydrochlorid,64-75-5,Tetracyclinhydrochlorid,321,125.0,mg,milligramm,,,,Metronidazol,443-48-1,Metronidazol,1913,125.0,mg,milligramm,,,,PubChem CID 91667825,BfArM BEZVO ASK #00321,BfArM BEZVO ASK #01913,Citronensäure,Bismut-Kalium-Salz (2:1:5)-1,5-Wasser,Corrected split at internal commas; strengths reassigned to the three actual ingredients.
8457,user0B092088CD,28ff8eb65de8cf122cff2de97b88ebd0,"Citronensäure, Bismut-Kalium-Salz (2:1:5)-1,5-Wasser, Tetracyclin hydrochlorid und Metronidazol  140 mg + 125 mg + 125 mg",2026,A02BD08,"Bismutsubcitrat, Tetracyclin und Metronidazol",,,"Citronensäure, Bismut-Kalium-Salz (2:1:5)-1,5-Wasser",880149-29-1,Citronensäure-Bismut-Kalium-Salz (2:1:5) Hydrat,37139,140.0,mg,milligramm,,,,Tetracyclin hydrochlorid,64-75-5,Tetracyclinhydrochlorid,321,125.0,mg,milligramm,,,,Metronidazol,443-48-1,Metronidazol,1913,125.0,mg,milligramm,,,,PubChem CID 91667825,BfArM BEZVO ASK #00321,BfArM BEZVO ASK #01913,Citronensäure,Bismut-Kalium-Salz (2:1:5)-1,5-Wasser,Corrected split at internal commas; strengths reassigned to the three actual ingredients.
8885,ab9705624,d6ec2b5324b585f6f9d3288039830b97,"Citronensäure, Bismut-Kalium-Salz (2:1:5)-1,5-Wasser, Tetracyclin hydrochlorid und Metronidazol  140 mg + 125 mg + 125 mg",2026,A02BD08,"Bismutsubcitrat, Tetracyclin und Metronidazol",,,"Citronensäure, Bismut-Kalium-Salz (2:1:5)-1,5-Wasser",880149-29-1,Citronensäure-Bismut-Kalium-Salz (2:1:5) Hydrat,37139,140.0,mg,milligramm,,,,Tetracyclin hydrochlorid,64-75-5,Tetracyclinhydrochlorid,321,125.0,mg,milligramm,,,,Metronidazol,443-48-1,Metronidazol,1913,125.0,mg,milligramm,,,,PubChem CID 91667825,BfArM BEZVO ASK #00321,BfArM BEZVO ASK #01913,Citronensäure,Bismut-Kalium-Salz (2:1:5)-1,5-Wasser,Corrected split at internal commas; strengths reassigned to the three actual ingredients.
8961,fam_ab3345977400,75debded6260cf66e1bc59ba906c5f00,"Citronensäure, Bismut-Kalium-Salz (2:1:5)-1,5-Wasser, Tetracyclin hydrochlorid und Metronidazol  140 mg + 125 mg + 125 mg",2026,A02BD08,"Bismutsubcitrat, Tetracyclin und Metronidazol",,,"Citronensäure, Bismut-Kalium-Salz (2:1:5)-1,5-Wasser",880149-29-1,Citronensäure-Bismut-Kalium-Salz (2:1:5) Hydrat,37139,140.0,mg,milligramm,,,,Tetracyclin hydrochlorid,64-75-5,Tetracyclinhydrochlorid,321,125.0,mg,milligramm,,,,Metronidazol,443-48-1,Metronidazol,1913,125.0,mg,milligramm,,,,PubChem CID 91667825,BfArM BEZVO ASK #00321,BfArM BEZVO ASK #01913,Citronensäure,Bismut-Kalium-Salz (2:1:5)-1,5-Wasser,Corrected split at internal commas; strengths reassigned to the three actual ingredients.
8293,ab3126813,8c95338bc0b106a22765829b9e790b8b,"D-Gluconsäure, Calciumsalz-1-Wasser und Calcium dilactat-5-Wasser  500 mg/10 ml + 350 mg/10 ml",2026,A12AA20,Calcium (verschiedene Salze in Kombination),03126813,,"D-Gluconsäure, Calciumsalz-1-Wasser",66905-23-5,Calciumgluconat-Monohydrat,60,500.0,mg,milligramm,10.0,mL,milliliter,Calcium dilactat-5-Wasser,63690-56-2,Calciumlactat-Pentahydrat,62,350.0,mg,milligramm,10.0,mL,milliliter,,,,,,,,,,,BfArM BEZVO ASK #00060,BfArM BEZVO ASK #00062,,D-Gluconsäure,Calciumsalz-1-Wasser,,Corrected calcium gluconate name split; calcium lactate restored as position 2.
8498,fam_ab3343106500,8751a60bcbb8768d4e1793542d201155,"D-Gluconsäure, Calciumsalz-1-Wasser und Calcium dilactat-5-Wasser  500 mg/10 ml + 350 mg/10 ml",2026,A12AA20,Calcium (verschiedene Salze in Kombination),,,"D-Gluconsäure, Calciumsalz-1-Wasser",66905-23-5,Calciumgluconat-Monohydrat,60,500.0,mg,milligramm,10.0,mL,milliliter,Calcium dilactat-5-Wasser,63690-56-2,Calciumlactat-Pentahydrat,62,350.0,mg,milligramm,10.0,mL,milliliter,,,,,,,,,,,BfArM BEZVO ASK #00060,BfArM BEZVO ASK #00062,,D-Gluconsäure,Calciumsalz-1-Wasser,,Corrected calcium gluconate name split; calcium lactate restored as position 2.
8627,user0B08B02A95,92930ff13b40c31504f9664cef2741a1,"D-Gluconsäure, Calciumsalz-1-Wasser und Calcium dilactat-5-Wasser  500 mg/10 ml + 350 mg/10 ml",2026,A12AA20,Calcium (verschiedene Salze in Kombination),,,"D-Gluconsäure, Calciumsalz-1-Wasser",66905-23-5,Calciumgluconat-Monohydrat,60,500.0,mg,milligramm,10.0,mL,milliliter,Calcium dilactat-5-Wasser,63690-56-2,Calciumlactat-Pentahydrat,62,350.0,mg,milligramm,10.0,mL,milliliter,,,,,,,,,,,BfArM BEZVO ASK #00060,BfArM BEZVO ASK #00062,,D-Gluconsäure,Calciumsalz-1-Wasser,,Corrected calcium gluconate name split; calcium lactate restored as position 2.
8809,user0B09208041,aaa9430c68784d74226f37e0ed930b58,"D-Gluconsäure, Calciumsalz-1-Wasser und Calcium dilactat-5-Wasser  500 mg/10 ml + 350 mg/10 ml",2026,A12AA20,Calcium (verschiedene Salze in Kombination),,,"D-Gluconsäure, Calciumsalz-1-Wasser",66905-23-5,Calciumgluconat-Monohydrat,60,500.0,mg,milligramm,10.0,mL,milliliter,Calcium dilactat-5-Wasser,63690-56-2,Calciumlactat-Pentahydrat,62,350.0,mg,milligramm,10.0,mL,milliliter,,,,,,,,,,,BfArM BEZVO ASK #00060,BfArM BEZVO ASK #00062,,D-Gluconsäure,Calciumsalz-1-Wasser,,Corrected calcium gluconate name split; calcium lactate restored as position 2.
7806,ab4467700,2d5d315f2e33978b8e53d055edd08a24,"Harnstoff und Macrogol-6,5-laurylether  50 mg/g + 30 mg/g",2026,D02AE51,"Harnstoff, Kombinationen",,,Harnstoff,57-13-6,Harnstoff,2218,50.0,mg,milligramm,1.0,g,gramm,"Macrogol-6,5-laurylether",9002-92-0,Macrogollaurylether (Ph.Eur.) ((mit Angabe der durchschnittlichen Anzahl an Oxyethylen-Einheiten zwischen 3 und 23)),9632,30.0,mg,milligramm,1.0,g,gramm,,,,,,,,,,,BfArM BEZVO ASK #02218,BfArM BEZVO ASK #09632,,Harnstoff,Macrogol-6,,"Restored the truncated Macrogol-6,5-laurylether name."
7889,fam_ab3077060011,b00d49e79c3778e42aefb13513275901,"Harnstoff und Macrogol-6,5-laurylether  50 mg/g + 30 mg/g",2026,D02AE51,"Harnstoff, Kombinationen",,,Harnstoff,57-13-6,Harnstoff,2218,50.0,mg,milligramm,1.0,g,gramm,"Macrogol-6,5-laurylether",9002-92-0,Macrogollaurylether (Ph.Eur.) ((mit Angabe der durchschnittlichen Anzahl an Oxyethylen-Einheiten zwischen 3 und 23)),9632,30.0,mg,milligramm,1.0,g,gramm,,,,,,,,,,,BfArM BEZVO ASK #02218,BfArM BEZVO ASK #09632,,Harnstoff,Macrogol-6,,"Restored the truncated Macrogol-6,5-laurylether name."
8630,user0B08B02AA8,09076c06f5874336b209b0117051fe04,"Harnstoff und Macrogol-6,5-laurylether  50 mg/g + 30 mg/g",2026,D02AE51,"Harnstoff, Kombinationen",04467700,,Harnstoff,57-13-6,Harnstoff,2218,50.0,mg,milligramm,1.0,g,gramm,"Macrogol-6,5-laurylether",9002-92-0,Macrogollaurylether (Ph.Eur.) ((mit Angabe der durchschnittlichen Anzahl an Oxyethylen-Einheiten zwischen 3 und 23)),9632,30.0,mg,milligramm,1.0,g,gramm,,,,,,,,,,,BfArM BEZVO ASK #02218,BfArM BEZVO ASK #09632,,Harnstoff,Macrogol-6,,"Restored the truncated Macrogol-6,5-laurylether name."
8812,user0B09208054,699b2aaf683843ae4d7ad18b5717dfb6,"Harnstoff und Macrogol-6,5-laurylether  50 mg/g + 30 mg/g",2026,D02AE51,"Harnstoff, Kombinationen",,,Harnstoff,57-13-6,Harnstoff,2218,50.0,mg,milligramm,1.0,g,gramm,"Macrogol-6,5-laurylether",9002-92-0,Macrogollaurylether (Ph.Eur.) ((mit Angabe der durchschnittlichen Anzahl an Oxyethylen-Einheiten zwischen 3 und 23)),9632,30.0,mg,milligramm,1.0,g,gramm,,,,,,,,,,,BfArM BEZVO ASK #02218,BfArM BEZVO ASK #09632,,Harnstoff,Macrogol-6,,"Restored the truncated Macrogol-6,5-laurylether name."
8319,ab6922143,76228bd5ed5e71240437c9b6efce9556,"Insulin, normal (human) und Insulin-Isophan (human)  90 I.E./3 ml + 210 I.E./3 ml",2026,A10AD01,Insulin (human),06922143,,"Insulin, normal (human)",11061-68-0,Insulin human ((mit Angaben zur Herstellung)),22265,90.0,[IU],international unit,3.0,mL,milliliter,Insulin-Isophan (human),53027-39-7,Isophan-Insulin-Suspension zur Injektion (Ph.Eur.),11940,210.0,[IU],international unit,3.0,mL,milliliter,,,,,,,,,,,BfArM BEZVO ASK #22265,BfArM BEZVO ASK #11940,,Insulin,normal (human),,"Corrected split at the comma in 'Insulin, normal (human)'."
8320,ab6922166,7006a30cc099f1f21f130d307c655c78,"Insulin, normal (human) und Insulin-Isophan (human)  90 I.E./3 ml + 210 I.E./3 ml",2026,A10AD01,Insulin (human),,,"Insulin, normal (human)",11061-68-0,Insulin human ((mit Angaben zur Herstellung)),22265,90.0,[IU],international unit,3.0,mL,milliliter,Insulin-Isophan (human),53027-39-7,Isophan-Insulin-Suspension zur Injektion (Ph.Eur.),11940,210.0,[IU],international unit,3.0,mL,milliliter,,,,,,,,,,,BfArM BEZVO ASK #22265,BfArM BEZVO ASK #11940,,Insulin,normal (human),,"Corrected split at the comma in 'Insulin, normal (human)'."
8424,user0B0920824E,c5119c39295fecca75bc0e8e36cfb9dc,"Insulin, normal (human) und Insulin-Isophan (human)  90 I.E./3 ml + 210 I.E./3 ml",2026,A10AD01,Insulin (human),,,"Insulin, normal (human)",11061-68-0,Insulin human ((mit Angaben zur Herstellung)),22265,90.0,[IU],international unit,3.0,mL,milliliter,Insulin-Isophan (human),53027-39-7,Isophan-Insulin-Suspension zur Injektion (Ph.Eur.),11940,210.0,[IU],international unit,3.0,mL,milliliter,,,,,,,,,,,BfArM BEZVO ASK #22265,BfArM BEZVO ASK #11940,,Insulin,normal (human),,"Corrected split at the comma in 'Insulin, normal (human)'."
8517,fam_ab3345223100,021804594dae9b50c51ba864ec387fcf,"Insulin, normal (human) und Insulin-Isophan (human)  90 I.E./3 ml + 210 I.E./3 ml",2026,A10AD01,Insulin (human),,,"Insulin, normal (human)",11061-68-0,Insulin human ((mit Angaben zur Herstellung)),22265,90.0,[IU],international unit,3.0,mL,milliliter,Insulin-Isophan (human),53027-39-7,Isophan-Insulin-Suspension zur Injektion (Ph.Eur.),11940,210.0,[IU],international unit,3.0,mL,milliliter,,,,,,,,,,,BfArM BEZVO ASK #22265,BfArM BEZVO ASK #11940,,Insulin,normal (human),,"Corrected split at the comma in 'Insulin, normal (human)'."
9048,user0B08B02CA2,601c08e4b5531fed44dc21a5c4999914,"Insulin, normal (human) und Insulin-Isophan (human)  90 I.E./3 ml + 210 I.E./3 ml",2026,A10AD01,Insulin (human),06922166,,"Insulin, normal (human)",11061-68-0,Insulin human ((mit Angaben zur Herstellung)),22265,90.0,[IU],international unit,3.0,mL,milliliter,Insulin-Isophan (human),53027-39-7,Isophan-Insulin-Suspension zur Injektion (Ph.Eur.),11940,210.0,[IU],international unit,3.0,mL,milliliter,,,,,,,,,,,BfArM BEZVO ASK #22265,BfArM BEZVO ASK #11940,,Insulin,normal (human),,"Corrected split at the comma in 'Insulin, normal (human)'."
9048,user0B08B02CA2,60e5785679346d3f20adb41f61c0f744,"Insulin, normal (human) und Insulin-Isophan (human)  90 I.E./3 ml + 210 I.E./3 ml",2026,A10AD01,Insulin (human),06922143,,"Insulin, normal (human)",11061-68-0,Insulin human ((mit Angaben zur Herstellung)),22265,90.0,[IU],international unit,3.0,mL,milliliter,Insulin-Isophan (human),53027-39-7,Isophan-Insulin-Suspension zur Injektion (Ph.Eur.),11940,210.0,[IU],international unit,3.0,mL,milliliter,,,,,,,,,,,BfArM BEZVO ASK #22265,BfArM BEZVO ASK #11940,,Insulin,normal (human),,"Corrected split at the comma in 'Insulin, normal (human)'."
2619,ab4569197,f1c27b3591417d5762022ba3d512d3b5,"Rosmarinblätter-Extrakt, Liebstöckelwurzel-Extrakt und Tausendgüldenkraut-Extrakt",2026,G04BP50,"Andere pflanzliche Urologika, Kombinationen",,,Rosmarinblätter-Extrakt,84604-14-8,Rosmarinus officinalis (Rosemary) leaf extract,,,,,,,,Liebstöckelwurzel-Extrakt,84837-06-9,Levisticum officinale root extract,,,,,,,,Tausendgüldenkraut-Extrakt,84837-00-3,Centaurium erythraea extract,,,,,,,,"FDA GSRS, UNII IJ67X351P9",EU CosIng,FDA GSRS / EU CosIng,"Rosmarinblätter-Extrakt, Liebstöckelwurzel-Extrakt und Tausendgüldenkraut-Extrakt",,,Split corrected; CAS codes added from external regulatory sources. ASK mappings remain unresolved.
6084,fam_ab3343390300,5607c80654f8ec6773e84b3cc6a977d9,"Rosmarinblätter-Extrakt, Liebstöckelwurzel-Extrakt und Tausendgüldenkraut-Extrakt",2026,G04BP50,"Andere pflanzliche Urologika, Kombinationen",,,Rosmarinblätter-Extrakt,84604-14-8,Rosmarinus officinalis (Rosemary) leaf extract,,,,,,,,Liebstöckelwurzel-Extrakt,84837-06-9,Levisticum officinale root extract,,,,,,,,Tausendgüldenkraut-Extrakt,84837-00-3,Centaurium erythraea extract,,,,,,,,"FDA GSRS, UNII IJ67X351P9",EU CosIng,FDA GSRS / EU CosIng,"Rosmarinblätter-Extrakt, Liebstöckelwurzel-Extrakt und Tausendgüldenkraut-Extrakt",,,Split corrected; CAS codes added from external regulatory sources. ASK mappings remain unresolved.
10349,user0B08B02E3B,f512dbf82e9683debcafd25b7ba28385,"Rosmarinblätter-Extrakt, Liebstöckelwurzel-Extrakt und Tausendgüldenkraut-Extrakt",2026,G04BP50,"Andere pflanzliche Urologika, Kombinationen",04569197,,Rosmarinblätter-Extrakt,84604-14-8,Rosmarinus officinalis (Rosemary) leaf extract,,,,,,,,Liebstöckelwurzel-Extrakt,84837-06-9,Levisticum officinale root extract,,,,,,,,Tausendgüldenkraut-Extrakt,84837-00-3,Centaurium erythraea extract,,,,,,,,"FDA GSRS, UNII IJ67X351P9",EU CosIng,FDA GSRS / EU CosIng,"Rosmarinblätter-Extrakt, Liebstöckelwurzel-Extrakt und Tausendgüldenkraut-Extrakt",,,Split corrected; CAS codes added from external regulatory sources. ASK mappings remain unresolved.
10414,user0B092083E7,9a7557d5f32feed315e69b6de34bf050,"Rosmarinblätter-Extrakt, Liebstöckelwurzel-Extrakt und Tausendgüldenkraut-Extrakt",2026,G04BP50,"Andere pflanzliche Urologika, Kombinationen",,,Rosmarinblätter-Extrakt,84604-14-8,Rosmarinus officinalis (Rosemary) leaf extract,,,,,,,,Liebstöckelwurzel-Extrakt,84837-06-9,Levisticum officinale root extract,,,,,,,,Tausendgüldenkraut-Extrakt,84837-00-3,Centaurium erythraea extract,,,,,,,,"FDA GSRS, UNII IJ67X351P9",EU CosIng,FDA GSRS / EU CosIng,"Rosmarinblätter-Extrakt, Liebstöckelwurzel-Extrakt und Tausendgüldenkraut-Extrakt",,,Split corrected; CAS codes added from external regulatory sources. ASK mappings remain unresolved.
8821,user0B0920829D,0b468075cf63711157de61babd7a9c15,"Natrium citrat, Dodecyl(sulfoacetat), Natriumsalz und Sorbitol-Lösung 70% (kristallisierend)  450 mg/5 ml + 45 mg/5 ml + 4465 mg/5 ml",2026,A06AG11,"Natriumlaurylsulfoacetat, inkl. Kombinationen",09651615,,Natrium citrat,6132-04-3,Natriumcitrat (Ph.Eur.),212,450.0,mg,milligramm,5.0,mL,milliliter,"Dodecyl(sulfoacetat), Natriumsalz",1847-58-1,Dodecyl(sulfoacetat)-Natriumsalz,7573,45.0,mg,milligramm,5.0,mL,milliliter,Sorbitol-Lösung 70% (kristallisierend),50-70-4,Sorbitol-Lösung 70% (kristallisierend) (Ph.Eur.),13151,4465.0,mg,milligramm,5.0,mL,milliliter,BfArM BEZVO ASK #00212,BfArM BEZVO ASK #07573,BfArM BEZVO ASK #13151; EDQM CRS S1000000,Natrium citrat,Dodecyl(sulfoacetat),Natriumsalz,Corrected sodium-salt split and restored Sorbitol as position 3; sodium citrate form resolved from medication context.
8884,ab9651615,8228e14fd0f4adabd36fcd6c0e253313,"Natrium citrat, Dodecyl(sulfoacetat), Natriumsalz und Sorbitol-Lösung 70% (kristallisierend)  450 mg/5 ml + 45 mg/5 ml + 4465 mg/5 ml",2026,A06AG11,"Natriumlaurylsulfoacetat, inkl. Kombinationen",09651615,,Natrium citrat,6132-04-3,Natriumcitrat (Ph.Eur.),212,450.0,mg,milligramm,5.0,mL,milliliter,"Dodecyl(sulfoacetat), Natriumsalz",1847-58-1,Dodecyl(sulfoacetat)-Natriumsalz,7573,45.0,mg,milligramm,5.0,mL,milliliter,Sorbitol-Lösung 70% (kristallisierend),50-70-4,Sorbitol-Lösung 70% (kristallisierend) (Ph.Eur.),13151,4465.0,mg,milligramm,5.0,mL,milliliter,BfArM BEZVO ASK #00212,BfArM BEZVO ASK #07573,BfArM BEZVO ASK #13151; EDQM CRS S1000000,Natrium citrat,Dodecyl(sulfoacetat),Natriumsalz,Corrected sodium-salt split and restored Sorbitol as position 3; sodium citrate form resolved from medication context.
8963,fam_ab3346208100,116715c486a7f87e39f1afea14c3a90a,"Natrium citrat, Dodecyl(sulfoacetat), Natriumsalz und Sorbitol-Lösung 70% (kristallisierend)  450 mg/5 ml + 45 mg/5 ml + 4465 mg/5 ml",2026,A06AG11,"Natriumlaurylsulfoacetat, inkl. Kombinationen",,,Natrium citrat,6132-04-3,Natriumcitrat (Ph.Eur.),212,450.0,mg,milligramm,5.0,mL,milliliter,"Dodecyl(sulfoacetat), Natriumsalz",1847-58-1,Dodecyl(sulfoacetat)-Natriumsalz,7573,45.0,mg,milligramm,5.0,mL,milliliter,Sorbitol-Lösung 70% (kristallisierend),50-70-4,Sorbitol-Lösung 70% (kristallisierend) (Ph.Eur.),13151,4465.0,mg,milligramm,5.0,mL,milliliter,BfArM BEZVO ASK #00212,BfArM BEZVO ASK #07573,BfArM BEZVO ASK #13151; EDQM CRS S1000000,Natrium citrat,Dodecyl(sulfoacetat),Natriumsalz,Corrected sodium-salt split and restored Sorbitol as position 3; sodium citrate form resolved from medication context.
9052,user0B08B02CF1,50e3d3a481ff363a6e6697f92d8db5b5,"Natrium citrat, Dodecyl(sulfoacetat), Natriumsalz und Sorbitol-Lösung 70% (kristallisierend)  450 mg/5 ml + 45 mg/5 ml + 4465 mg/5 ml",2026,A06AG11,"Natriumlaurylsulfoacetat, inkl. Kombinationen",09651615,,Natrium citrat,6132-04-3,Natriumcitrat (Ph.Eur.),212,450.0,mg,milligramm,5.0,mL,milliliter,"Dodecyl(sulfoacetat), Natriumsalz",1847-58-1,Dodecyl(sulfoacetat)-Natriumsalz,7573,45.0,mg,milligramm,5.0,mL,milliliter,Sorbitol-Lösung 70% (kristallisierend),50-70-4,Sorbitol-Lösung 70% (kristallisierend) (Ph.Eur.),13151,4465.0,mg,milligramm,5.0,mL,milliliter,BfArM BEZVO ASK #00212,BfArM BEZVO ASK #07573,BfArM BEZVO ASK #13151; EDQM CRS S1000000,Natrium citrat,Dodecyl(sulfoacetat),Natriumsalz,Corrected sodium-salt split and restored Sorbitol as position 3; sodium citrate form resolved from medication context.
